,word,level
0,a,A1
1,about,A1
2,above,A1
3,across,A1
4,action,A1
5,activity,A1
6,actor,A1
7,actress,A1
8,add,A1
9,address,A1
10,adult,A1
11,advice,A1
12,afraid,A1
13,after,A1
14,afternoon,A1
15,again,A1
16,age,A1
17,ago,A1
18,agree,A1
19,air,A1
20,airport,A1
21,all,A1
22,also,A1
23,always,A1
24,amazing,A1
25,and,A1
26,angry,A1
27,animal,A1
28,another,A1
29,answer,A1
30,any,A1
31,anyone,A1
32,anything,A1
33,apartment,A1
34,apple,A1
35,April,A1
36,area,A1
37,arm,A1
38,around,A1
39,arrive,A1
40,art,A1
41,article,A1
42,artist,A1
43,as,A1
44,ask,A1
45,at,A1
46,August,A1
47,aunt,A1
48,autumn,A1
49,away,A1
50,baby,A1
51,back,A1
52,bad,A1
53,bag,A1
54,ball,A1
55,banana,A1
56,band,A1
57,bank,A1
58,bath,A1
59,bathroom,A1
60,be,A1
61,beach,A1
62,beautiful,A1
63,because,A1
64,become,A1
65,bed,A1
66,bedroom,A1
67,beer,A1
68,before,A1
69,begin,A1
70,beginning,A1
71,behind,A1
72,believe,A1
73,below,A1
74,best,A1
75,better,A1
76,between,A1
77,bicycle,A1
78,big,A1
79,bike,A1
80,bill,A1
81,bird,A1
82,birthday,A1
83,black,A1
84,blog,A1
85,blonde,A1
86,blue,A1
87,boat,A1
88,body,A1
89,book,A1
90,boot,A1
91,bored,A1
92,boring,A1
93,born,A1
94,both,A1
95,bottle,A1
96,box,A1
97,boy,A1
98,boyfriend,A1
99,bread,A1
100,break,A1
101,breakfast,A1
102,bring,A1
103,brother,A1
104,brown,A1
105,build,A1
106,building,A1
107,bus,A1
108,business,A1
109,busy,A1
110,but,A1
111,butter,A1
112,buy,A1
113,by,A1
114,bye,A1
115,cafe,A1
116,cake,A1
117,call,A1
118,camera,A1
119,can1,A1
120,cannot,A1
121,capital,A1
122,car,A1
123,card,A1
124,career,A1
125,carrot,A1
126,carry,A1
127,cat,A1
128,CD,A1
129,cent,A1
130,centre,A1
131,century,A1
132,chair,A1
133,change,A1
134,chart,A1
135,cheap,A1
136,check,A1
137,cheese,A1
138,chicken,A1
139,child,A1
140,chocolate,A1
141,choose,A1
142,cinema,A1
143,city,A1
144,class,A1
145,classroom,A1
146,clean,A1
147,climb,A1
148,clock,A1
149,close1,A1
150,clothes,A1
151,club,A1
152,coat,A1
153,coffee,A1
154,cold,A1
155,college,A1
156,colour,A1
157,come,A1
158,common,A1
159,company,A1
160,compare,A1
161,complete,A1
162,computer,A1
163,concert,A1
164,conversation,A1
165,cook,A1
166,cooking,A1
167,cool,A1
168,correct,A1
169,cost,A1
170,could,A1
171,country,A1
172,course,A1
173,cousin,A1
174,cow,A1
175,cream,A1
176,create,A1
177,culture,A1
178,cup,A1
179,customer,A1
180,cut,A1
181,dad,A1
182,dance,A1
183,dancer,A1
184,dancing,A1
185,dangerous,A1
186,dark,A1
187,date,A1
188,daughter,A1
189,day,A1
190,dear,A1
191,December,A1
192,decide,A1
193,delicious,A1
194,describe,A1
195,description,A1
196,design,A1
197,desk,A1
198,detail,A1
199,dialogue,A1
200,dictionary,A1
201,die,A1
202,diet,A1
203,difference,A1
204,different,A1
205,difficult,A1
206,dinner,A1
207,dirty,A1
208,discuss,A1
209,dish,A1
210,do1,A1
211,doctor,A1
212,dog,A1
213,dollar,A1
214,door,A1
215,down,A1
216,downstairs,A1
217,draw,A1
218,dress,A1
219,drink,A1
220,drive,A1
221,driver,A1
222,during,A1
223,DVD,A1
224,each,A1
225,ear,A1
226,early,A1
227,east,A1
228,easy,A1
229,eat,A1
230,egg,A1
231,eight,A1
232,eighteen,A1
233,eighty,A1
234,elephant,A1
235,eleven,A1
236,else,A1
237,email,A1
238,end,A1
239,enjoy,A1
240,enough,A1
241,euro,A1
242,even,A1
243,evening,A1
244,event,A1
245,ever,A1
246,every,A1
247,everybody,A1
248,everyone,A1
249,everything,A1
250,exam,A1
251,example,A1
252,excited,A1
253,exciting,A1
254,exercise,A1
255,expensive,A1
256,explain,A1
257,extra,A1
258,eye,A1
259,face,A1
260,fact,A1
261,fall,A1
262,false,A1
263,family,A1
264,famous,A1
265,fantastic,A1
266,far,A1
267,farm,A1
268,farmer,A1
269,fast,A1
270,fat,A1
271,father,A1
272,favourite,A1
273,February,A1
274,feel,A1
275,feeling,A1
276,festival,A1
277,few,A1
278,fifteen,A1
279,fifth,A1
280,fifty,A1
281,fill,A1
282,film,A1
283,final,A1
284,find,A1
285,fine,A1
286,finish,A1
287,fire,A1
288,first,A1
289,fish,A1
290,five,A1
291,flat,A1
292,flight,A1
293,floor,A1
294,flower,A1
295,fly,A1
296,follow,A1
297,food,A1
298,foot,A1
299,football,A1
300,for,A1
301,forget,A1
302,form,A1
303,forty,A1
304,four,A1
305,fourteen,A1
306,fourth,A1
307,free,A1
308,Friday,A1
309,friend,A1
310,friendly,A1
311,from,A1
312,front,A1
313,fruit,A1
314,full,A1
315,fun,A1
316,funny,A1
317,future,A1
318,game,A1
319,garden,A1
320,geography,A1
321,get,A1
322,girl,A1
323,girlfriend,A1
324,give,A1
325,glass,A1
326,go,A1
327,good,A1
328,goodbye,A1
329,grandfather,A1
330,grandmother,A1
331,grandparent,A1
332,great,A1
333,green,A1
334,grey,A1
335,group,A1
336,grow,A1
337,guess,A1
338,guitar,A1
339,gym,A1
340,hair,A1
341,half,A1
342,hand,A1
343,happen,A1
344,happy,A1
345,hard,A1
346,hat,A1
347,hate,A1
348,have,A1
349,have,A1
350,he,A1
351,head,A1
352,health,A1
353,healthy,A1
354,hear,A1
355,hello,A1
356,help,A1
357,her,A1
358,here,A1
359,hey,A1
360,hi,A1
361,high,A1
362,him,A1
363,his,A1
364,history,A1
365,hobby,A1
366,holiday,A1
367,home,A1
368,homework,A1
369,hope,A1
370,horse,A1
371,hospital,A1
372,hot,A1
373,hotel,A1
374,hour,A1
375,house,A1
376,how,A1
377,however,A1
378,hundred,A1
379,hungry,A1
380,husband,A1
381,I,A1
382,ice,A1
383,ice,A1
384,idea,A1
385,if,A1
386,imagine,A1
387,important,A1
388,improve,A1
389,in,A1
390,include,A1
391,information,A1
392,interest,A1
393,interested,A1
394,interesting,A1
395,internet,A1
396,interview,A1
397,into,A1
398,introduce,A1
399,island,A1
400,it,A1
401,its,A1
402,jacket,A1
403,January,A1
404,jeans,A1
405,job,A1
406,join,A1
407,journey,A1
408,juice,A1
409,July,A1
410,June,A1
411,just,A1
412,keep,A1
413,key,A1
414,kilometre,A1
415,kind,A1
416,kitchen,A1
417,know,A1
418,land,A1
419,language,A1
420,large,A1
421,last1,A1
422,late,A1
423,later,A1
424,laugh,A1
425,learn,A1
426,leave,A1
427,left,A1
428,leg,A1
429,lesson,A1
430,let,A1
431,letter,A1
432,library,A1
433,lie1,A1
434,life,A1
435,light,A1
436,adj,A1
437,like,A1
438,like,A1
439,line,A1
440,lion,A1
441,list,A1
442,listen,A1
443,little,A1
444,live1,A1
445,local,A1
446,long1,A1
447,look,A1
448,lose,A1
449,lot,A1
450,love,A1
451,lunch,A1
452,machine,A1
453,magazine,A1
454,main,A1
455,make,A1
456,man,A1
457,many,A1
458,map,A1
459,March,A1
460,market,A1
461,married,A1
462,match,A1
463,May,A1
464,maybe,A1
465,me,A1
466,meal,A1
467,mean,A1
468,meaning,A1
469,meat,A1
470,meet,A1
471,meeting,A1
472,member,A1
473,menu,A1
474,message,A1
475,metre,A1
476,midnight,A1
477,mile,A1
478,milk,A1
479,million,A1
480,minute1,A1
481,miss,A1
482,mistake,A1
483,model,A1
484,modern,A1
485,moment,A1
486,Monday,A1
487,money,A1
488,month,A1
489,more,A1
490,morning,A1
491,most,A1
492,mother,A1
493,mountain,A1
494,mouse,A1
495,mouth,A1
496,move,A1
497,movie,A1
498,much,A1
499,mum,A1
500,museum,A1
501,music,A1
502,must,A1
503,my,A1
504,name,A1
505,natural,A1
506,near,A1
507,need,A1
508,negative,A1
509,neighbour,A1
510,never,A1
511,new,A1
512,news,A1
513,newspaper,A1
514,next,A1
515,next,A1
516,nice,A1
517,night,A1
518,nine,A1
519,nineteen,A1
520,ninety,A1
521,no,A1
522,no,A1
523,nobody,A1
524,north,A1
525,nose,A1
526,not,A1
527,note,A1
528,nothing,A1
529,November,A1
530,now,A1
531,number,A1
532,nurse,A1
533,object,A1
534,oâ€™clock,A1
535,October,A1
536,of,A1
537,off,A1
538,office,A1
539,often,A1
540,oh,A1
541,OK,A1
542,old,A1
543,on,A1
544,once,A1
545,one,A1
546,onion,A1
547,online,A1
548,only,A1
549,open,A1
550,opinion,A1
551,opposite,A1
552,or,A1
553,orange,A1
554,order,A1
555,other,A1
556,our,A1
557,out,A1
558,outside,A1
559,over,A1
560,own,A1
561,page,A1
562,paint,A1
563,painting,A1
564,pair,A1
565,paper,A1
566,paragraph,A1
567,parent,A1
568,park,A1
569,part,A1
570,partner,A1
571,party,A1
572,passport,A1
573,past,A1
574,pay,A1
575,pen,A1
576,pencil,A1
577,people,A1
578,pepper,A1
579,perfect,A1
580,period,A1
581,person,A1
582,personal,A1
583,phone,A1
584,photo,A1
585,photograph,A1
586,phrase,A1
587,piano,A1
588,picture,A1
589,piece,A1
590,pig,A1
591,pink,A1
592,place,A1
593,plan,A1
594,plane,A1
595,plant,A1
596,play,A1
597,player,A1
598,please,A1
599,point,A1
600,police,A1
601,policeman,A1
602,pool,A1
603,poor,A1
604,popular,A1
605,positive,A1
606,possible,A1
607,post,A1
608,potato,A1
609,pound,A1
610,practice,A1
611,practise,A1
612,prefer,A1
613,prepare,A1
614,present,A1
615,pretty,A1
616,price,A1
617,probably,A1
618,problem,A1
619,product,A1
620,programme,A1
621,project,A1
622,purple,A1
623,put,A1
624,quarter,A1
625,question,A1
626,quick,A1
627,quickly,A1
628,quiet,A1
629,quite,A1
630,radio,A1
631,rain,A1
632,read,A1
633,reader,A1
634,reading,A1
635,ready,A1
636,real,A1
637,really,A1
638,reason,A1
639,red,A1
640,relax,A1
641,remember,A1
642,repeat,A1
643,report,A1
644,restaurant,A1
645,result,A1
646,return,A1
647,rice,A1
648,rich,A1
649,ride,A1
650,right,A1
651,river,A1
652,road,A1
653,room,A1
654,routine,A1
655,rule,A1
656,run,A1
657,sad,A1
658,salad,A1
659,salt,A1
660,same,A1
661,sandwich,A1
662,Saturday,A1
663,say,A1
664,school,A1
665,science,A1
666,scientist,A1
667,sea,A1
668,second1,A1
669,number,A1
670,second1,A1
671,section,A1
672,see,A1
673,sell,A1
674,send,A1
675,sentence,A1
676,September,A1
677,seven,A1
678,seventeen,A1
679,seventy,A1
680,share,A1
681,she,A1
682,sheep,A1
683,shirt,A1
684,shoe,A1
685,shop,A1
686,shopping,A1
687,short,A1
688,should,A1
689,show,A1
690,shower,A1
691,sick,A1
692,similar,A1
693,sing,A1
694,singer,A1
695,sister,A1
696,sit,A1
697,situation,A1
698,six,A1
699,sixteen,A1
700,sixty,A1
701,skill,A1
702,skirt,A1
703,sleep,A1
704,slow,A1
705,small,A1
706,snake,A1
707,snow,A1
708,so,A1
709,some,A1
710,somebody,A1
711,someone,A1
712,something,A1
713,sometimes,A1
714,son,A1
715,song,A1
716,soon,A1
717,sorry,A1
718,sound,A1
719,soup,A1
720,south,A1
721,space,A1
722,speak,A1
723,special,A1
724,spell,A1
725,spelling,A1
726,spend,A1
727,sport,A1
728,spring,A1
729,stand,A1
730,star,A1
731,start,A1
732,statement,A1
733,station,A1
734,stay,A1
735,still,A1
736,stop,A1
737,story,A1
738,street,A1
739,strong,A1
740,student,A1
741,study,A1
742,style,A1
743,subject,A1
744,success,A1
745,sugar,A1
746,summer,A1
747,sun,A1
748,Sunday,A1
749,supermarket,A1
750,sure,A1
751,sweater,A1
752,swim,A1
753,swimming,A1
754,table,A1
755,take,A1
756,talk,A1
757,tall,A1
758,taxi,A1
759,tea,A1
760,teach,A1
761,teacher,A1
762,team,A1
763,teenager,A1
764,telephone,A1
765,television,A1
766,tell,A1
767,ten,A1
768,tennis,A1
769,terrible,A1
770,test,A1
771,text,A1
772,than,A1
773,thank,A1
774,thanks,A1
775,that,A1
776,the,A1
777,theatre,A1
778,their,A1
779,them,A1
780,then,A1
781,there,A1
782,they,A1
783,thing,A1
784,think,A1
785,third,A1
786,thirsty,A1
787,thirteen,A1
788,thirty,A1
789,this,A1
790,thousand,A1
791,three,A1
792,through,A1
793,Thursday,A1
794,ticket,A1
795,time,A1
796,tired,A1
797,title,A1
798,to,A1
799,today,A1
800,together,A1
801,toilet,A1
802,tomato,A1
803,tomorrow,A1
804,tonight,A1
805,too,A1
806,tooth,A1
807,topic,A1
808,tourist,A1
809,town,A1
810,traffic,A1
811,train,A1
812,travel,A1
813,tree,A1
814,trip,A1
815,trousers,A1
816,true,A1
817,try,A1
818,T-shirt,A1
819,Tuesday,A1
820,turn,A1
821,TV,A1
822,twelve,A1
823,twenty,A1
824,twice,A1
825,two,A1
826,type,A1
827,umbrella,A1
828,uncle,A1
829,under,A1
830,understand,A1
831,university,A1
832,until,A1
833,up,A1
834,upstairs,A1
835,us,A1
836,use,A1
837,useful,A1
838,usually,A1
839,vacation,A1
840,vegetable,A1
841,very,A1
842,video,A1
843,village,A1
844,visit,A1
845,visitor,A1
846,wait,A1
847,waiter,A1
848,wake,A1
849,walk,A1
850,wall,A1
851,want,A1
852,warm,A1
853,wash,A1
854,watch,A1
855,water,A1
856,way,A1
857,we,A1
858,wear,A1
859,weather,A1
860,website,A1
861,Wednesday,A1
862,week,A1
863,weekend,A1
864,welcome,A1
865,well,A1
866,west,A1
867,what,A1
868,when,A1
869,where,A1
870,which,A1
871,white,A1
872,who,A1
873,why,A1
874,wife,A1
875,will,A1
876,win,A1
877,window,A1
878,wine,A1
879,winter,A1
880,with,A1
881,without,A1
882,woman,A1
883,wonderful,A1
884,word,A1
885,work,A1
886,worker,A1
887,world,A1
888,would,A1
889,write,A1
890,writer,A1
891,writing,A1
892,wrong,A1
893,yeah,A1
894,year,A1
895,yellow,A1
896,yes,A1
897,yesterday,A1
898,you,A1
899,young,A1
900,your,A1
901,yourself,A1
0,ability,A2
1,able,A2
2,abroad,A2
3,accept,A2
4,accident,A2
5,according,A2
6,achieve,A2
7,act,A2
8,active,A2
9,actually,A2
10,adult,A2
11,advantage,A2
12,adventure,A2
13,advertise,A2
14,advertisement,A2
15,advertising,A2
16,affect,A2
17,after,A2
18,against,A2
19,ah,A2
20,airline,A2
21,alive,A2
22,all,A2
23,all,A2
24,allow,A2
25,almost,A2
26,alone,A2
27,along,A2
28,already,A2
29,alternative,A2
30,although,A2
31,among,A2
32,amount,A2
33,ancient,A2
34,ankle,A2
35,any,A2
36,anybody,A2
37,any,A2
38,anyway,A2
39,anywhere,A2
40,app,A2
41,appear,A2
42,appearance,A2
43,apply,A2
44,architect,A2
45,architecture,A2
46,argue,A2
47,argument,A2
48,army,A2
49,arrange,A2
50,arrangement,A2
51,as,A2
52,asleep,A2
53,assistant,A2
54,athlete,A2
55,attack,A2
56,attend,A2
57,attention,A2
58,attractive,A2
59,audience,A2
60,author,A2
61,available,A2
62,average,A2
63,avoid,A2
64,award,A2
65,awful,A2
66,back,A2
67,background,A2
68,badly,A2
69,bar,A2
70,baseball,A2
71,based,A2
72,basketball,A2
73,bean,A2
74,bear,A2
75,beat,A2
76,beef,A2
77,before,A2
78,behave,A2
79,behaviour,A2
80,belong,A2
81,belt,A2
82,benefit,A2
83,best,A2
84,better,A2
85,between,A2
86,billion,A2
87,bin,A2
88,biology,A2
89,birth,A2
90,biscuit,A2
91,bit,A2
92,blank,A2
93,blood,A2
94,blow,A2
95,board,A2
96,boil,A2
97,bone,A2
98,book,A2
99,borrow,A2
100,boss,A2
101,bottom,A2
102,bowl,A2
103,brain,A2
104,bridge,A2
105,bright,A2
106,brilliant,A2
107,broken,A2
108,brush,A2
109,burn,A2
110,businessman,A2
111,button,A2
112,camp,A2
113,camping,A2
114,can2,A2
115,care,A2
116,careful,A2
117,carefully,A2
118,carpet,A2
119,cartoon,A2
120,case,A2
121,cash,A2
122,castle,A2
123,catch,A2
124,cause,A2
125,celebrate,A2
126,celebrity,A2
127,certain,A2
128,certainly,A2
129,chance,A2
130,character,A2
131,charity,A2
132,chat,A2
133,check,A2
134,chef,A2
135,chemistry,A2
136,chip,A2
137,choice,A2
138,church,A2
139,cigarette,A2
140,circle,A2
141,classical,A2
142,clear,A2
143,clearly,A2
144,clever,A2
145,climate,A2
146,close2,A2
147,closed,A2
148,clothing,A2
149,cloud,A2
150,coach,A2
151,coast,A2
152,code,A2
153,colleague,A2
154,collect,A2
155,column,A2
156,comedy,A2
157,comfortable,A2
158,comment,A2
159,communicate,A2
160,community,A2
161,compete,A2
162,competition,A2
163,complain,A2
164,completely,A2
165,condition,A2
166,conference,A2
167,connect,A2
168,connected,A2
169,consider,A2
170,contain,A2
171,context,A2
172,continent,A2
173,continue,A2
174,control,A2
175,cook,A2
176,cooker,A2
177,copy,A2
178,corner,A2
179,correctly,A2
180,count,A2
181,couple,A2
182,cover,A2
183,crazy,A2
184,creative,A2
185,credit,A2
186,crime,A2
187,criminal,A2
188,cross,A2
189,crowd,A2
190,crowded,A2
191,cry,A2
192,cupboard,A2
193,curly,A2
194,cycle,A2
195,daily,A2
196,danger,A2
197,dark,A2
198,data,A2
199,dead,A2
200,deal,A2
201,dear,A2
202,death,A2
203,decision,A2
204,deep,A2
205,definitely,A2
206,degree,A2
207,dentist,A2
208,department,A2
209,depend,A2
210,desert,A2
211,designer,A2
212,destroy,A2
213,detective,A2
214,develop,A2
215,device,A2
216,diary,A2
217,differently,A2
218,digital,A2
219,direct,A2
220,direction,A2
221,director,A2
222,disagree,A2
223,disappear,A2
224,disaster,A2
225,discover,A2
226,discovery,A2
227,discussion,A2
228,disease,A2
229,distance,A2
230,divorced,A2
231,document,A2
232,double,A2
233,download,A2
234,downstairs,A2
235,drama,A2
236,drawing,A2
237,dream,A2
238,drive,A2
239,driving,A2
240,drop,A2
241,drug,A2
242,dry,A2
243,earn,A2
244,earth,A2
245,easily,A2
246,education,A2
247,effect,A2
248,either,A2
249,electric,A2
250,electrical,A2
251,electricity,A2
252,electronic,A2
253,employ,A2
254,employee,A2
255,employer,A2
256,empty,A2
257,ending,A2
258,energy,A2
259,engine,A2
260,engineer,A2
261,enormous,A2
262,enter,A2
263,environment,A2
264,equipment,A2
265,error,A2
266,especially,A2
267,essay,A2
268,everyday,A2
269,everywhere,A2
270,evidence,A2
271,exact,A2
272,exactly,A2
273,excellent,A2
274,except,A2
275,exist,A2
276,expect,A2
277,experience,A2
278,experiment,A2
279,expert,A2
280,explanation,A2
281,express,A2
282,expression,A2
283,extreme,A2
284,extremely,A2
285,factor,A2
286,factory,A2
287,fail,A2
288,fair,A2
289,fall,A2
290,fan,A2
291,farm,A2
292,farming,A2
293,fashion,A2
294,fat,A2
295,fear,A2
296,feature,A2
297,feed,A2
298,female,A2
299,fiction,A2
300,field,A2
301,fight,A2
302,figure,A2
303,film,A2
304,final,A2
305,finally,A2
306,finger,A2
307,finish,A2
308,first,A2
309,firstly,A2
310,fish,A2
311,fishing,A2
312,fit,A2
313,fix,A2
314,flat,A2
315,flu,A2
316,fly,A2
317,flying,A2
318,focus,A2
319,following,A2
320,foreign,A2
321,forest,A2
322,fork,A2
323,formal,A2
324,fortunately,A2
325,forward,A2
326,free,A2
327,fresh,A2
328,fridge,A2
329,frog,A2
330,fun,A2
331,furniture,A2
332,further,A2
333,future,A2
334,gallery,A2
335,gap,A2
336,gas,A2
337,gate,A2
338,general,A2
339,gift,A2
340,goal,A2
341,god,A2
342,gold,A2
343,golf,A2
344,good,A2
345,government,A2
346,grass,A2
347,greet,A2
348,ground,A2
349,guest,A2
350,guide,A2
351,gun,A2
352,guy,A2
353,habit,A2
354,half,A2
355,hall,A2
356,happily,A2
357,have,A2
358,headache,A2
359,heart,A2
360,heat,A2
361,heavy,A2
362,height,A2
363,helpful,A2
364,hero,A2
365,hers,A2
366,herself,A2
367,hide,A2
368,high,A2
369,hill,A2
370,himself,A2
371,his,A2
372,hit,A2
373,hockey,A2
374,hold,A2
375,hole,A2
376,home,A2
377,hope,A2
378,huge,A2
379,human,A2
380,hurt,A2
381,ideal,A2
382,identify,A2
383,ill,A2
384,illness,A2
385,image,A2
386,immediately,A2
387,impossible,A2
388,included,A2
389,including,A2
390,increase,A2
391,incredible,A2
392,independent,A2
393,individual,A2
394,industry,A2
395,informal,A2
396,injury,A2
397,insect,A2
398,inside,A2
399,instead,A2
400,instruction,A2
401,instructor,A2
402,instrument,A2
403,intelligent,A2
404,international,A2
405,introduction,A2
406,invent,A2
407,invention,A2
408,invitation,A2
409,invite,A2
410,involve,A2
411,item,A2
412,itself,A2
413,jam,A2
414,jazz,A2
415,jewellery,A2
416,joke,A2
417,journalist,A2
418,jump,A2
419,kid,A2
420,kill,A2
421,king,A2
422,knee,A2
423,knife,A2
424,knock,A2
425,knowledge,A2
426,lab,A2
427,lady,A2
428,lake,A2
429,lamp,A2
430,land,A2
431,laptop,A2
432,last1,A2
433,last1,A2
434,later,A2
435,laughter,A2
436,law,A2
437,lawyer,A2
438,lazy,A2
439,lead1,A2
440,leader,A2
441,learning,A2
442,least,A2
443,lecture,A2
444,lemon,A2
445,lend,A2
446,less,A2
447,level,A2
448,lifestyle,A2
449,lift,A2
450,light,A2
451,light,A2
452,likely,A2
453,link,A2
454,listener,A2
455,little,A2
456,lock,A2
457,look,A2
458,lorry,A2
459,lost,A2
460,loud,A2
461,loudly,A2
462,lovely,A2
463,low,A2
464,luck,A2
465,lucky,A2
466,mail,A2
467,major,A2
468,male,A2
469,manage,A2
470,manager,A2
471,manner,A2
472,mark,A2
473,marry,A2
474,material,A2
475,mathematics,A2
476,maths,A2
477,matter,A2
478,may,A2
479,media,A2
480,medical,A2
481,medicine,A2
482,memory,A2
483,mention,A2
484,metal,A2
485,method,A2
486,middle,A2
487,might,A2
488,mind,A2
489,mine,A2
490,mirror,A2
491,missing,A2
492,mobile,A2
493,monkey,A2
494,moon,A2
495,mostly,A2
496,motorcycle,A2
497,movement,A2
498,musical,A2
499,musician,A2
500,myself,A2
501,narrow,A2
502,national,A2
503,nature,A2
504,nearly,A2
505,necessary,A2
506,neck,A2
507,need,A2
508,neither,A2
509,nervous,A2
510,network,A2
511,noise,A2
512,noisy,A2
513,none,A2
514,normal,A2
515,normally,A2
516,notice,A2
517,novel,A2
518,nowhere,A2
519,number,A2
520,nut,A2
521,ocean,A2
522,offer,A2
523,officer,A2
524,oil,A2
525,onto,A2
526,opportunity,A2
527,option,A2
528,ordinary,A2
529,organization,A2
530,organize,A2
531,original,A2
532,ourselves,A2
533,outside,A2
534,oven,A2
535,own,A2
536,owner,A2
537,pack,A2
538,pain,A2
539,painter,A2
540,palace,A2
541,pants,A2
542,parking,A2
543,particular,A2
544,pass,A2
545,passenger,A2
546,past,A2
547,patient,A2
548,pattern,A2
549,pay,A2
550,peace,A2
551,penny,A2
552,per,A2
553,per,A2
554,perform,A2
555,perhaps,A2
556,permission,A2
557,personality,A2
558,pet,A2
559,petrol,A2
560,photograph,A2
561,physical,A2
562,physics,A2
563,pick,A2
564,pilot,A2
565,planet,A2
566,plant,A2
567,plastic,A2
568,plate,A2
569,platform,A2
570,please,A2
571,pleased,A2
572,pocket,A2
573,polite,A2
574,pollution,A2
575,pop,A2
576,population,A2
577,position,A2
578,possession,A2
579,possibility,A2
580,poster,A2
581,power,A2
582,predict,A2
583,present,A2
584,president,A2
585,prevent,A2
586,print,A2
587,printer,A2
588,prison,A2
589,prize,A2
590,process,A2
591,produce,A2
592,professional,A2
593,professor,A2
594,profile,A2
595,program,A2
596,progress,A2
597,promise,A2
598,pronounce,A2
599,protect,A2
600,provide,A2
601,pub,A2
602,public,A2
603,publish,A2
604,pull,A2
605,purpose,A2
606,push,A2
607,quality,A2
608,quantity,A2
609,queen,A2
610,question,A2
611,quietly,A2
612,race,A2
613,railway,A2
614,raise,A2
615,rate,A2
616,rather,A2
617,reach,A2
618,react,A2
619,realize,A2
620,receive,A2
621,recent,A2
622,recently,A2
623,reception,A2
624,recipe,A2
625,recognize,A2
626,recommend,A2
627,record,A2
628,recording,A2
629,recycle,A2
630,reduce,A2
631,refer,A2
632,refuse1,A2
633,region,A2
634,regular,A2
635,relationship,A2
636,remove,A2
637,repair,A2
638,replace,A2
639,reply,A2
640,report,A2
641,reporter,A2
642,request,A2
643,research,A2
644,researcher,A2
645,respond,A2
646,response,A2
647,rest,A2
648,rest,A2
649,review,A2
650,ride,A2
651,ring1,A2
652,ring2,A2
653,rise,A2
654,rock,A2
655,rock,A2
656,role,A2
657,roof,A2
658,round,A2
659,route,A2
660,rubbish,A2
661,rude,A2
662,run,A2
663,runner,A2
664,running,A2
665,sadly,A2
666,safe,A2
667,sail,A2
668,sailing,A2
669,salary,A2
670,sale,A2
671,sauce,A2
672,save,A2
673,scared,A2
674,scary,A2
675,scene,A2
676,schedule,A2
677,score,A2
678,screen,A2
679,search,A2
680,season,A2
681,seat,A2
682,second1,A2
683,secondly,A2
684,secret,A2
685,secretary,A2
686,seem,A2
687,sense,A2
688,separate,A2
689,series,A2
690,serious,A2
691,serve,A2
692,service,A2
693,several,A2
694,shake,A2
695,shall,A2
696,shape,A2
697,sheet,A2
698,ship,A2
699,shoulder,A2
700,shout,A2
701,shut,A2
702,side,A2
703,sign,A2
704,silver,A2
705,simple,A2
706,since,A2
707,singing,A2
708,single,A2
709,sir,A2
710,site,A2
711,size,A2
712,ski,A2
713,skiing,A2
714,skin,A2
715,sky,A2
716,sleep,A2
717,slowly,A2
718,smartphone,A2
719,smell,A2
720,smile,A2
721,smoke,A2
722,smoking,A2
723,soap,A2
724,soccer,A2
725,social,A2
726,society,A2
727,sock,A2
728,soft,A2
729,soldier,A2
730,solution,A2
731,solve,A2
732,somewhere,A2
733,sort,A2
734,source,A2
735,speaker,A2
736,specific,A2
737,speech,A2
738,speed,A2
739,spider,A2
740,spoon,A2
741,square,A2
742,stage,A2
743,stair,A2
744,stamp,A2
745,star,A2
746,start,A2
747,state,A2
748,stay,A2
749,steal,A2
750,step,A2
751,stomach,A2
752,stone,A2
753,store,A2
754,storm,A2
755,straight,A2
756,strange,A2
757,strategy,A2
758,stress,A2
759,structure,A2
760,stupid,A2
761,succeed,A2
762,successful,A2
763,such,A2
764,suddenly,A2
765,suggest,A2
766,suggestion,A2
767,suit,A2
768,support,A2
769,suppose,A2
770,sure,A2
771,surprise,A2
772,surprised,A2
773,surprising,A2
774,survey,A2
775,sweet,A2
776,symbol,A2
777,system,A2
778,tablet,A2
779,talk,A2
780,target,A2
781,task,A2
782,taste,A2
783,teaching,A2
784,technology,A2
785,teenage,A2
786,temperature,A2
787,term,A2
788,text,A2
789,themselves,A2
790,thick,A2
791,thief,A2
792,thin,A2
793,thinking,A2
794,third,A2
795,thought,A2
796,throw,A2
797,tidy,A2
798,tie,A2
799,tip,A2
800,tool,A2
801,top,A2
802,touch,A2
803,tour,A2
804,tourism,A2
805,towards,A2
806,towel,A2
807,tower,A2
808,toy,A2
809,track,A2
810,tradition,A2
811,traditional,A2
812,train,A2
813,trainer,A2
814,training,A2
815,transport,A2
816,traveller,A2
817,trouble,A2
818,truck,A2
819,twin,A2
820,typical,A2
821,underground,A2
822,understanding,A2
823,unfortunately,A2
824,unhappy,A2
825,uniform,A2
826,unit,A2
827,united,A2
828,unusual,A2
829,upstairs,A2
830,use,A2
831,used,A2
832,user,A2
833,usual,A2
834,valley,A2
835,van,A2
836,variety,A2
837,vehicle,A2
838,view,A2
839,virus,A2
840,voice,A2
841,wait,A2
842,war,A2
843,wash,A2
844,washing,A2
845,wave,A2
846,weak,A2
847,web,A2
848,wedding,A2
849,weight,A2
850,welcome,A2
851,wet,A2
852,wheel,A2
853,while,A2
854,whole,A2
855,whose,A2
856,wide,A2
857,wild,A2
858,wind1,A2
859,winner,A2
860,wish,A2
861,wood,A2
862,wooden,A2
863,working,A2
864,worried,A2
865,worry,A2
866,worse,A2
867,worst,A2
868,wow,A2
869,yet,A2
870,yours,A2
871,zero,A2
0,absolutely,B1
1,academic,B1
2,access,B1
3,accommodation,B1
4,account,B1
5,achievement,B1
6,act,B1
7,ad,B1
8,addition,B1
9,admire,B1
10,admit,B1
11,advanced,B1
12,advise,B1
13,afford,B1
14,age,B1
15,aged,B1
16,agent,B1
17,agreement,B1
18,ahead,B1
19,aim,B1
20,alarm,B1
21,album,B1
22,alcohol,B1
23,alcoholic,B1
24,alternative,B1
25,amazed,B1
26,ambition,B1
27,ambitious,B1
28,analyse,B1
29,analysis,B1
30,announce,B1
31,announcement,B1
32,annoy,B1
33,annoyed,B1
34,annoying,B1
35,apart,B1
36,apologize,B1
37,application,B1
38,appointment,B1
39,appreciate,B1
40,approximately,B1
41,arrest,B1
42,arrival,B1
43,assignment,B1
44,assist,B1
45,atmosphere,B1
46,attach,B1
47,attitude,B1
48,attract,B1
49,attraction,B1
50,authority,B1
51,average,B1
52,award,B1
53,aware,B1
54,backwards,B1
55,bake,B1
56,balance,B1
57,ban,B1
58,bank,B1
59,base,B1
60,basic,B1
61,basis,B1
62,battery,B1
63,battle,B1
64,beauty,B1
65,bee,B1
66,belief,B1
67,bell,B1
68,bend,B1
69,benefit,B1
70,better,B1
71,bite,B1
72,block,B1
73,board,B1
74,bomb,B1
75,border,B1
76,bother,B1
77,branch,B1
78,brand,B1
79,brave,B1
80,breath,B1
81,breathe,B1
82,breathing,B1
83,bride,B1
84,bubble,B1
85,bury,B1
86,by,B1
87,calm,B1
88,campaign,B1
89,campus,B1
90,candidate,B1
91,cap,B1
92,captain,B1
93,careless,B1
94,category,B1
95,ceiling,B1
96,celebration,B1
97,central,B1
98,centre,B1
99,ceremony,B1
100,chain,B1
101,challenge,B1
102,champion,B1
103,channel,B1
104,chapter,B1
105,charge,B1
106,cheap,B1
107,cheat,B1
108,cheerful,B1
109,chemical,B1
110,chest,B1
111,childhood,B1
112,claim,B1
113,clause,B1
114,clear,B1
115,click,B1
116,client,B1
117,climb,B1
118,close2,B1
119,cloth,B1
120,clue,B1
121,coach,B1
122,coal,B1
123,coin,B1
124,collection,B1
125,coloured,B1
126,combine,B1
127,comment,B1
128,commercial,B1
129,commit,B1
130,communication,B1
131,comparison,B1
132,competitor,B1
133,competitive,B1
134,complaint,B1
135,complex,B1
136,concentrate,B1
137,conclude,B1
138,conclusion,B1
139,confident,B1
140,confirm,B1
141,confuse,B1
142,confused,B1
143,connection,B1
144,consequence,B1
145,consist,B1
146,consume,B1
147,consumer,B1
148,contact,B1
149,container,B1
150,content1,B1
151,continuous,B1
152,contrast,B1
153,convenient,B1
154,convince,B1
155,cool,B1
156,costume,B1
157,cottage,B1
158,cotton,B1
159,count,B1
160,countryside,B1
161,court,B1
162,cover,B1
163,covered,B1
164,cream,B1
165,criminal,B1
166,cruel,B1
167,cultural,B1
168,currency,B1
169,current,B1
170,currently,B1
171,curtain,B1
172,custom,B1
173,cut,B1
174,daily,B1
175,damage,B1
176,deal,B1
177,decade,B1
178,decorate,B1
179,deep,B1
180,define,B1
181,definite,B1
182,definition,B1
183,deliver,B1
184,departure,B1
185,despite,B1
186,destination,B1
187,determine,B1
188,determined,B1
189,development,B1
190,diagram,B1
191,diamond,B1
192,difficulty,B1
193,direct,B1
194,directly,B1
195,dirt,B1
196,disadvantage,B1
197,disappointed,B1
198,disappointing,B1
199,discount,B1
200,dislike,B1
201,divide,B1
202,documentary,B1
203,donate,B1
204,double,B1
205,doubt,B1
206,dressed,B1
207,drop,B1
208,drum,B1
209,drunk,B1
210,due,B1
211,dust,B1
212,duty,B1
213,earthquake,B1
214,eastern,B1
215,economic,B1
216,economy,B1
217,edge,B1
218,editor,B1
219,educate,B1
220,educated,B1
221,educational,B1
222,effective,B1
223,effectively,B1
224,effort,B1
225,election,B1
226,element,B1
227,embarrassed,B1
228,embarrassing,B1
229,emergency,B1
230,emotion,B1
231,employment,B1
232,empty,B1
233,encourage,B1
234,enemy,B1
235,engaged,B1
236,engineering,B1
237,entertain,B1
238,entertainment,B1
239,entrance,B1
240,entry,B1
241,environmental,B1
242,episode,B1
243,equal,B1
244,equally,B1
245,escape,B1
246,essential,B1
247,eventually,B1
248,examine,B1
249,except,B1
250,exchange,B1
251,excitement,B1
252,exhibition,B1
253,expand,B1
254,expected,B1
255,expedition,B1
256,experience,B1
257,experienced,B1
258,experiment,B1
259,explode,B1
260,explore,B1
261,explosion,B1
262,export,B1
263,extra,B1
264,face,B1
265,fairly,B1
266,familiar,B1
267,fancy,B1
268,far,B1
269,fascinating,B1
270,fashionable,B1
271,fasten,B1
272,favour,B1
273,fear,B1
274,feature,B1
275,fence,B1
276,fighting,B1
277,file,B1
278,financial,B1
279,fire,B1
280,fitness,B1
281,fixed,B1
282,flag,B1
283,flood,B1
284,flour,B1
285,flow,B1
286,fold,B1
287,folk,B1
288,following,B1
289,force,B1
290,forever,B1
291,frame,B1
292,freeze,B1
293,frequently,B1
294,friendship,B1
295,frighten,B1
296,frightened,B1
297,frightening,B1
298,frozen,B1
299,fry,B1
300,fuel,B1
301,function,B1
302,fur,B1
303,further,B1
304,garage,B1
305,gather,B1
306,generally,B1
307,generation,B1
308,generous,B1
309,gentle,B1
310,gentleman,B1
311,ghost,B1
312,giant,B1
313,glad,B1
314,global,B1
315,glove,B1
316,go,B1
317,goods,B1
318,grade,B1
319,graduate,B1
320,grain,B1
321,grateful,B1
322,growth,B1
323,guard,B1
324,guilty,B1
325,hand,B1
326,hang,B1
327,happiness,B1
328,hardly,B1
329,hate,B1
330,head,B1
331,headline,B1
332,heating,B1
333,heavily,B1
334,helicopter,B1
335,highlight,B1
336,highly,B1
337,hire,B1
338,historic,B1
339,historical,B1
340,honest,B1
341,horrible,B1
342,horror,B1
343,host,B1
344,hunt,B1
345,hurricane,B1
346,hurry,B1
347,identity,B1
348,ignore,B1
349,illegal,B1
350,imaginary,B1
351,immediate,B1
352,immigrant,B1
353,impact,B1
354,import,B1
355,importance,B1
356,impression,B1
357,impressive,B1
358,improvement,B1
359,incredibly,B1
360,indeed,B1
361,indicate,B1
362,indirect,B1
363,indoor,B1
364,indoors,B1
365,influence,B1
366,ingredient,B1
367,injure,B1
368,injured,B1
369,innocent,B1
370,intelligence,B1
371,intend,B1
372,intention,B1
373,invest,B1
374,investigate,B1
375,involved,B1
376,iron,B1
377,issue,B1
378,IT,B1
379,journal,B1
380,judge,B1
381,keen,B1
382,key,B1
383,keyboard,B1
384,kick,B1
385,killing,B1
386,kind,B1
387,kiss,B1
388,knock,B1
389,label,B1
390,laboratory,B1
391,lack,B1
392,latest,B1
393,lay,B1
394,layer,B1
395,lead1,B1
396,leading,B1
397,leaf,B1
398,leather,B1
399,legal,B1
400,leisure,B1
401,length,B1
402,level,B1
403,lie2,B1
404,like,B1
405,limit,B1
406,lip,B1
407,liquid,B1
408,literature,B1
409,live2,B1
410,living,B1
411,local,B1
412,locate,B1
413,located,B1
414,location,B1
415,lonely,B1
416,loss,B1
417,luxury,B1
418,mad,B1
419,magic,B1
420,mainly,B1
421,mall,B1
422,management,B1
423,market,B1
424,marketing,B1
425,marriage,B1
426,meanwhile,B1
427,measure,B1
428,medium,B1
429,mental,B1
430,mention,B1
431,mess,B1
432,mild,B1
433,mine,B1
434,mix,B1
435,mixture,B1
436,mood,B1
437,move,B1
438,mud,B1
439,murder,B1
440,muscle,B1
441,musical,B1
442,mystery,B1
443,nail,B1
444,narrative,B1
445,nation,B1
446,native,B1
447,naturally,B1
448,necessarily,B1
449,need,B1
450,needle,B1
451,neighbourhood,B1
452,neither,B1
453,net,B1
454,next,B1
455,nor,B1
456,normal,B1
457,northern,B1
458,note,B1
459,now,B1
460,nuclear,B1
461,obvious,B1
462,obviously,B1
463,occasion,B1
464,occur,B1
465,odd,B1
466,official,B1
467,old-fashioned,B1
468,once,B1
469,operation,B1
470,organized,B1
471,organizer,B1
472,original,B1
473,originally,B1
474,ought,B1
475,ours,B1
476,outdoor,B1
477,outdoors,B1
478,pack,B1
479,package,B1
480,painful,B1
481,pale,B1
482,pan,B1
483,participate,B1
484,particularly,B1
485,pass,B1
486,passion,B1
487,path,B1
488,payment,B1
489,peaceful,B1
490,percentage,B1
491,perfectly,B1
492,performance,B1
493,personally,B1
494,persuade,B1
495,photographer,B1
496,photography,B1
497,pin,B1
498,pipe,B1
499,place,B1
500,planning,B1
501,pleasant,B1
502,pleasure,B1
503,plenty,B1
504,plot,B1
505,plus1,B1
506,poem,B1
507,poet,B1
508,poetry,B1
509,point,B1
510,poison,B1
511,poisonous,B1
512,policy,B1
513,political,B1
514,politician,B1
515,politics,B1
516,port,B1
517,portrait,B1
518,possibly,B1
519,pot,B1
520,pour,B1
521,poverty,B1
522,powder,B1
523,powerful,B1
524,practical,B1
525,pray,B1
526,prayer,B1
527,prediction,B1
528,prepared,B1
529,presentation,B1
530,press,B1
531,pressure,B1
532,pretend,B1
533,previous,B1
534,previously,B1
535,priest,B1
536,primary,B1
537,prince,B1
538,princess,B1
539,printing,B1
540,prisoner,B1
541,private,B1
542,producer,B1
543,production,B1
544,profession,B1
545,profit,B1
546,program,B1
547,promote,B1
548,proper,B1
549,properly,B1
550,property,B1
551,protest,B1
552,proud,B1
553,prove,B1
554,pull,B1
555,punish,B1
556,punishment,B1
557,push,B1
558,qualification,B1
559,qualified,B1
560,qualify,B1
561,queue,B1
562,quit,B1
563,quotation,B1
564,quote,B1
565,race,B1
566,racing,B1
567,range,B1
568,rare,B1
569,rarely,B1
570,reaction,B1
571,reality,B1
572,receipt,B1
573,recommendation,B1
574,reference,B1
575,reflect,B1
576,regularly,B1
577,reject,B1
578,relate,B1
579,related,B1
580,relation,B1
581,relative,B1
582,relaxed,B1
583,relaxing,B1
584,release,B1
585,reliable,B1
586,religion,B1
587,religious,B1
588,remain,B1
589,remind,B1
590,remote,B1
591,rent,B1
592,repair,B1
593,repeat,B1
594,repeated,B1
595,represent,B1
596,request,B1
597,require,B1
598,reservation,B1
599,resource,B1
600,respect,B1
601,responsibility,B1
602,responsible,B1
603,result,B1
604,retire,B1
605,retired,B1
606,revise,B1
607,ring2,B1
608,rise,B1
609,risk,B1
610,robot,B1
611,roll,B1
612,romantic,B1
613,rope,B1
614,rough,B1
615,row1,B1
616,royal,B1
617,rugby,B1
618,rule,B1
619,safety,B1
620,sail,B1
621,sailor,B1
622,sample,B1
623,sand,B1
624,scan,B1
625,scientific,B1
626,script,B1
627,sculpture,B1
628,secondary,B1
629,security,B1
630,seed,B1
631,sensible,B1
632,separate,B1
633,seriously,B1
634,servant,B1
635,set,B1
636,set,B1
637,setting,B1
638,sex,B1
639,sexual,B1
640,shake,B1
641,share,B1
642,sharp,B1
643,shelf,B1
644,shell,B1
645,shift,B1
646,shine,B1
647,shiny,B1
648,shoot,B1
649,shy,B1
650,sight,B1
651,signal,B1
652,silent,B1
653,silly,B1
654,similarity,B1
655,similarly,B1
656,simply,B1
657,since,B1
658,sink,B1
659,slice,B1
660,slightly,B1
661,slow,B1
662,smart,B1
663,smooth,B1
664,software,B1
665,soil,B1
666,solid,B1
667,sort,B1
668,southern,B1
669,specifically,B1
670,spending,B1
671,spicy,B1
672,spirit,B1
673,spoken,B1
674,spot,B1
675,spread,B1
676,spring,B1
677,stadium,B1
678,staff,B1
679,standard,B1
680,state,B1
681,statistic,B1
682,statue,B1
683,stick,B1
684,stick,B1
685,still,B1
686,store,B1
687,stranger,B1
688,strength,B1
689,string,B1
690,strongly,B1
691,studio,B1
692,stuff,B1
693,substance,B1
694,successfully,B1
695,sudden,B1
696,suffer,B1
697,suit,B1
698,suitable,B1
699,summarize,B1
700,summary,B1
701,supply,B1
702,supporter,B1
703,surely,B1
704,surface,B1
705,survive,B1
706,swim,B1
707,switch,B1
708,symptom,B1
709,tail,B1
710,talent,B1
711,talented,B1
712,tape,B1
713,tax,B1
714,technical,B1
715,technique,B1
716,tend,B1
717,tent,B1
718,that,B1
719,theirs,B1
720,theme,B1
721,theory,B1
722,therefore,B1
723,this,B1
724,though,B1
725,throat,B1
726,throughout,B1
727,tight,B1
728,till,B1
729,tin,B1
730,tiny,B1
731,tip,B1
732,toe,B1
733,tongue,B1
734,total,B1
735,totally,B1
736,touch,B1
737,tour,B1
738,trade,B1
739,translate,B1
740,translation,B1
741,transport,B1
742,treat,B1
743,treatment,B1
744,trend,B1
745,trick,B1
746,truth,B1
747,tube,B1
748,type,B1
749,typically,B1
750,tyre,B1
751,ugly,B1
752,unable,B1
753,uncomfortable,B1
754,underwear,B1
755,unemployed,B1
756,unemployment,B1
757,unfair,B1
758,union,B1
759,unless,B1
760,unlike,B1
761,unlikely,B1
762,unnecessary,B1
763,unpleasant,B1
764,update,B1
765,upon,B1
766,upset,B1
767,used1,B1
768,used2,B1
769,valuable,B1
770,value,B1
771,various,B1
772,version,B1
773,victim,B1
774,view,B1
775,viewer,B1
776,violent,B1
777,volunteer,B1
778,vote,B1
779,warm,B1
780,warn,B1
781,warning,B1
782,waste,B1
783,water,B1
784,wave,B1
785,weapon,B1
786,weigh,B1
787,western,B1
788,whatever,B1
789,whenever,B1
790,whether,B1
791,while,B1
792,whole,B1
793,will,B1
794,win,B1
795,wing,B1
796,within,B1
797,wonder,B1
798,wool,B1
799,worldwide,B1
800,worry,B1
801,worse,B1
802,worst,B1
803,worth,B1
804,written,B1
805,wrong,B1
806,yard,B1
807,young,B1
808,youth,B1
0,abandon,B2
1,absolute,B2
2,academic,B2
3,acceptable,B2
4,accompany,B2
5,account,B2
6,accurate,B2
7,accuse,B2
8,acknowledge,B2
9,acquire,B2
10,actual,B2
11,adapt,B2
12,additional,B2
13,address,B2
14,administration,B2
15,adopt,B2
16,advance,B2
17,affair,B2
18,afterwards,B2
19,agency,B2
20,agenda,B2
21,aggressive,B2
22,aid,B2
23,aircraft,B2
24,alarm,B2
25,alter,B2
26,amount,B2
27,anger,B2
28,angle,B2
29,anniversary,B2
30,annual,B2
31,anxious,B2
32,apparent,B2
33,apparently,B2
34,appeal,B2
35,approach,B2
36,appropriate,B2
37,approval,B2
38,approve,B2
39,arise,B2
40,armed,B2
41,arms,B2
42,artificial,B2
43,artistic,B2
44,ashamed,B2
45,aspect,B2
46,assess,B2
47,assessment,B2
48,associate,B2
49,associated,B2
50,association,B2
51,assume,B2
52,attempt,B2
53,back,B2
54,bacteria,B2
55,bar,B2
56,barrier,B2
57,basically,B2
58,battle,B2
59,bear,B2
60,beat,B2
61,beg,B2
62,being,B2
63,bent,B2
64,bet,B2
65,beyond,B2
66,bill,B2
67,bitter,B2
68,blame,B2
69,blind,B2
70,bond,B2
71,border,B2
72,breast,B2
73,brief,B2
74,broad,B2
75,broadcast,B2
76,budget,B2
77,bullet,B2
78,bunch,B2
79,burn,B2
80,bush,B2
81,but,B2
82,cable,B2
83,calculate,B2
84,cancel,B2
85,cancer,B2
86,capable,B2
87,capacity,B2
88,capture,B2
89,cast,B2
90,catch,B2
91,cell,B2
92,chain,B2
93,chair,B2
94,chairman,B2
95,challenge,B2
96,characteristic,B2
97,chart,B2
98,chief,B2
99,circumstance,B2
100,cite,B2
101,citizen,B2
102,civil,B2
103,classic,B2
104,close1,B2
105,closely,B2
106,collapse,B2
107,combination,B2
108,comfort,B2
109,command,B2
110,commission,B2
111,commitment,B2
112,committee,B2
113,commonly,B2
114,complex,B2
115,complicated,B2
116,component,B2
117,concentration,B2
118,concept,B2
119,concern,B2
120,concerned,B2
121,conduct,B2
122,confidence,B2
123,conflict,B2
124,confusing,B2
125,conscious,B2
126,conservative,B2
127,consideration,B2
128,consistent,B2
129,constant,B2
130,constantly,B2
131,construct,B2
132,construction,B2
133,contemporary,B2
134,contest,B2
135,contract,B2
136,contribute,B2
137,contribution,B2
138,convert,B2
139,convinced,B2
140,core,B2
141,corporate,B2
142,council,B2
143,county,B2
144,courage,B2
145,crash,B2
146,creation,B2
147,creature,B2
148,credit,B2
149,crew,B2
150,crisis,B2
151,criterion,B2
152,critic,B2
153,critical,B2
154,criticism,B2
155,criticize,B2
156,crop,B2
157,crucial,B2
158,cry,B2
159,cure,B2
160,current,B2
161,curve,B2
162,curved,B2
163,date,B2
164,debate,B2
165,debt,B2
166,decent,B2
167,declare,B2
168,decline,B2
169,decoration,B2
170,decrease,B2
171,deeply,B2
172,defeat,B2
173,defence,B2
174,defend,B2
175,delay,B2
176,deliberate,B2
177,deliberately,B2
178,delight,B2
179,delighted,B2
180,delivery,B2
181,demand,B2
182,demonstrate,B2
183,deny,B2
184,depressed,B2
185,depressing,B2
186,depth,B2
187,desert,B2
188,deserve,B2
189,desire,B2
190,desperate,B2
191,detail,B2
192,detailed,B2
193,detect,B2
194,dig,B2
195,disc,B2
196,discipline,B2
197,discount,B2
198,dishonest,B2
199,dismiss,B2
200,display,B2
201,distribute,B2
202,distribution,B2
203,district,B2
204,divide,B2
205,division,B2
206,document,B2
207,domestic,B2
208,dominate,B2
209,downwards,B2
210,dozen,B2
211,draft,B2
212,drag,B2
213,dramatic,B2
214,edit,B2
215,edition,B2
216,efficient,B2
217,elderly,B2
218,elect,B2
219,elsewhere,B2
220,emerge,B2
221,emotional,B2
222,emphasis,B2
223,emphasize,B2
224,enable,B2
225,encounter,B2
226,engage,B2
227,enhance,B2
228,enquiry,B2
229,ensure,B2
230,enthusiasm,B2
231,enthusiastic,B2
232,entire,B2
233,entirely,B2
234,equal,B2
235,establish,B2
236,estate,B2
237,estimate,B2
238,ethical,B2
239,evaluate,B2
240,even,B2
241,evil,B2
242,examination,B2
243,excuse,B2
244,executive,B2
245,existence,B2
246,expectation,B2
247,expense,B2
248,exploration,B2
249,expose,B2
250,extend,B2
251,extent,B2
252,external,B2
253,extraordinary,B2
254,extreme,B2
255,facility,B2
256,failure,B2
257,faith,B2
258,fault,B2
259,favour,B2
260,feather,B2
261,fee,B2
262,feed,B2
263,feedback,B2
264,feel,B2
265,fellow,B2
266,figure,B2
267,file,B2
268,finance,B2
269,finding,B2
270,firm,B2
271,fix,B2
272,flame,B2
273,flash,B2
274,flexible,B2
275,float,B2
276,fold,B2
277,folding,B2
278,following,B2
279,forgive,B2
280,former,B2
281,fortune,B2
282,forward,B2
283,found,B2
284,free,B2
285,freedom,B2
286,frequency,B2
287,fuel,B2
288,fully,B2
289,function,B2
290,fund,B2
291,fundamental,B2
292,funding,B2
293,furthermore,B2
294,gain,B2
295,gang,B2
296,generate,B2
297,genre,B2
298,govern,B2
299,grab,B2
300,grade,B2
301,gradually,B2
302,grand,B2
303,grant,B2
304,guarantee,B2
305,handle,B2
306,harm,B2
307,harmful,B2
308,hearing,B2
309,heaven,B2
310,heel,B2
311,hell,B2
312,hesitate,B2
313,high,B2
314,hire,B2
315,hold,B2
316,hollow,B2
317,holy,B2
318,honour,B2
319,host,B2
320,house,B2
321,household,B2
322,housing,B2
323,humorous,B2
324,humour,B2
325,hunt,B2
326,hunting,B2
327,hurt,B2
328,ideal,B2
329,illustrate,B2
330,illustration,B2
331,imagination,B2
332,impatient,B2
333,imply,B2
334,impose,B2
335,impress,B2
336,impressed,B2
337,inch,B2
338,incident,B2
339,income,B2
340,increasingly,B2
341,industrial,B2
342,infection,B2
343,inform,B2
344,initial,B2
345,initially,B2
346,initiative,B2
347,inner,B2
348,insight,B2
349,insist,B2
350,inspire,B2
351,install,B2
352,instance,B2
353,institute,B2
354,institution,B2
355,insurance,B2
356,intended,B2
357,intense,B2
358,internal,B2
359,interpret,B2
360,interrupt,B2
361,investigation,B2
362,investment,B2
363,issue,B2
364,joy,B2
365,judgement,B2
366,junior,B2
367,justice,B2
368,justify,B2
369,labour,B2
370,landscape,B2
371,largely,B2
372,latest,B2
373,launch,B2
374,leadership,B2
375,league,B2
376,lean,B2
377,leave,B2
378,level,B2
379,licence,B2
380,limited,B2
381,line,B2
382,lively,B2
383,load,B2
384,loan,B2
385,logical,B2
386,long-term,B2
387,loose,B2
388,lord,B2
389,low,B2
390,lower,B2
391,lung,B2
392,maintain,B2
393,majority,B2
394,make,B2
395,map,B2
396,mass,B2
397,massive,B2
398,master,B2
399,matching,B2
400,material,B2
401,maximum,B2
402,means,B2
403,measurement,B2
404,medium,B2
405,melt,B2
406,military,B2
407,mineral,B2
408,minimum,B2
409,minister,B2
410,minor,B2
411,minority,B2
412,mission,B2
413,mistake,B2
414,mixed,B2
415,model,B2
416,modify,B2
417,monitor,B2
418,moral,B2
419,motor,B2
420,mount,B2
421,multiple,B2
422,multiply,B2
423,mysterious,B2
424,narrow,B2
425,national,B2
426,neat,B2
427,negative,B2
428,nerve,B2
429,nevertheless,B2
430,nightmare,B2
431,notion,B2
432,numerous,B2
433,obey,B2
434,object,B2
435,objective,B2
436,obligation,B2
437,observation,B2
438,observe,B2
439,obtain,B2
440,occasionally,B2
441,offence,B2
442,offend,B2
443,offensive,B2
444,official,B2
445,opening,B2
446,operate,B2
447,opponent,B2
448,oppose,B2
449,opposed,B2
450,opposition,B2
451,organ,B2
452,origin,B2
453,otherwise,B2
454,outcome,B2
455,outer,B2
456,outline,B2
457,overall,B2
458,owe,B2
459,pace,B2
460,package,B2
461,panel,B2
462,parliament,B2
463,participant,B2
464,partly,B2
465,passage,B2
466,patient,B2
467,pension1,B2
468,permanent,B2
469,permit,B2
470,perspective,B2
471,phase,B2
472,phenomenon,B2
473,philosophy,B2
474,pick,B2
475,picture,B2
476,pile,B2
477,pitch,B2
478,plain,B2
479,plot,B2
480,plus1,B2
481,pointed,B2
482,popularity,B2
483,pose,B2
484,position,B2
485,positive,B2
486,possess,B2
487,potential,B2
488,power,B2
489,praise,B2
490,pregnant,B2
491,preparation,B2
492,presence,B2
493,preserve,B2
494,price,B2
495,prime,B2
496,principle,B2
497,print,B2
498,priority,B2
499,privacy,B2
500,procedure,B2
501,process,B2
502,produce,B2
503,professional,B2
504,progress,B2
505,project,B2
506,proof,B2
507,proposal,B2
508,propose,B2
509,prospect,B2
510,protection,B2
511,psychologist,B2
512,psychology,B2
513,publication,B2
514,pupil,B2
515,purchase,B2
516,pure,B2
517,pursue,B2
518,range,B2
519,rank,B2
520,rapid,B2
521,rapidly,B2
522,rate,B2
523,raw,B2
524,reach,B2
525,realistic,B2
526,reasonable,B2
527,recall,B2
528,recover,B2
529,reduction,B2
530,regard,B2
531,regional,B2
532,register,B2
533,regret,B2
534,regulation,B2
535,relatively,B2
536,relevant,B2
537,relief,B2
538,rely,B2
539,remark,B2
540,representative,B2
541,reputation,B2
542,requirement,B2
543,rescue,B2
544,reserve,B2
545,resident,B2
546,resist,B2
547,resolve,B2
548,resort,B2
549,retain,B2
550,reveal,B2
551,revolution,B2
552,reward,B2
553,rhythm,B2
554,rid,B2
555,root,B2
556,round,B2
557,routine,B2
558,rub,B2
559,rubber,B2
560,rural,B2
561,rush,B2
562,sample,B2
563,satellite,B2
564,satisfied,B2
565,satisfy,B2
566,saving,B2
567,scale,B2
568,schedule,B2
569,scheme,B2
570,scream,B2
571,screen,B2
572,seat,B2
573,sector,B2
574,secure,B2
575,seek,B2
576,select,B2
577,selection,B2
578,self,B2
579,senior,B2
580,sense,B2
581,sensitive,B2
582,sentence,B2
583,sequence,B2
584,session,B2
585,settle,B2
586,severe,B2
587,shade,B2
588,shadow,B2
589,shallow,B2
590,shame,B2
591,shape,B2
592,shelter,B2
593,shift,B2
594,ship,B2
595,shock,B2
596,shocked,B2
597,shooting,B2
598,shot,B2
599,significant,B2
600,significantly,B2
601,silence,B2
602,silk,B2
603,sincere,B2
604,slave,B2
605,slide,B2
606,slight,B2
607,slip,B2
608,slope,B2
609,solar,B2
610,somewhat,B2
611,soul,B2
612,specialist,B2
613,species,B2
614,speed,B2
615,spiritual,B2
616,split,B2
617,sponsor,B2
618,spot,B2
619,spread,B2
620,stable,B2
621,stage,B2
622,stand,B2
623,stare,B2
624,status,B2
625,steady,B2
626,steel,B2
627,steep,B2
628,step,B2
629,sticky,B2
630,stiff,B2
631,stock,B2
632,stream,B2
633,stretch,B2
634,strict,B2
635,strike,B2
636,structure,B2
637,struggle,B2
638,stuff,B2
639,subject,B2
640,submit,B2
641,sum,B2
642,surgery,B2
643,surround,B2
644,surrounding,B2
645,survey,B2
646,suspect,B2
647,swear,B2
648,sweep,B2
649,switch,B2
650,sympathy,B2
651,tale,B2
652,tank,B2
653,target,B2
654,tear1,B2
655,tear2,B2
656,temporary,B2
657,term,B2
658,therapy,B2
659,threat,B2
660,threaten,B2
661,thus,B2
662,time,B2
663,title,B2
664,tone,B2
665,tough,B2
666,track,B2
667,transfer,B2
668,transform,B2
669,transition,B2
670,trial,B2
671,trip,B2
672,tropical,B2
673,trouble,B2
674,truly,B2
675,trust,B2
676,try,B2
677,tune,B2
678,tunnel,B2
679,ultimately,B2
680,unconscious,B2
681,unexpected,B2
682,unique,B2
683,universe,B2
684,unknown,B2
685,upper,B2
686,upwards,B2
687,urban,B2
688,urge,B2
689,value,B2
690,vary,B2
691,vast,B2
692,venue,B2
693,very,B2
694,via,B2
695,victory,B2
696,violence,B2
697,virtual,B2
698,vision,B2
699,visual,B2
700,vital,B2
701,vitamin,B2
702,volume,B2
703,wage,B2
704,way,B2
705,weakness,B2
706,wealth,B2
707,wealthy,B2
708,whereas,B2
709,wherever,B2
710,whisper,B2
711,whom,B2
712,widely,B2
713,wildlife,B2
714,willing,B2
715,wind2,B2
716,wire,B2
717,wise,B2
718,witness,B2
719,worse,B2
720,worst,B2
721,worth,B2
722,wound,B2
723,wrap,B2
724,wrong,B2
725,yet,B2
726,zone,B2
0,absorb,B2
1,abstract,B2
2,accent,B2
3,accidentally,B2
4,accommodate,B2
5,accomplish,B2
6,accountant,B2
7,accuracy,B2
8,accurately,B2
9,acid,B2
10,activate,B2
11,addiction,B2
12,additionally,B2
13,adequate,B2
14,adequately,B2
15,adjust,B2
16,affordable,B2
17,agriculture,B2
18,AIDS,B2
19,alien,B2
20,alongside,B2
21,altogether,B2
22,ambulance,B2
23,amusing,B2
24,analyst,B2
25,ancestor,B2
26,animation,B2
27,annually,B2
28,anticipate,B2
29,anxiety,B2
30,apology,B2
31,applicant,B2
32,appropriately,B2
33,arrow,B2
34,artwork,B2
35,aside,B2
36,asset,B2
37,assign,B2
38,assistance,B2
39,assumption,B2
40,assure,B2
41,astonishing,B2
42,attachment,B2
43,auction,B2
44,audio,B2
45,automatic,B2
46,automatically,B2
47,awareness,B2
48,awkward,B2
49,badge,B2
50,balanced,B2
51,ballet,B2
52,balloon,B2
53,barely,B2
54,bargain,B2
55,basement,B2
56,basket,B2
57,bat,B2
58,beneficial,B2
59,beside,B2
60,besides,B2
61,bias,B2
62,bid,B2
63,biological,B2
64,blanket,B2
65,blow,B2
66,bold,B2
67,bombing,B2
68,booking,B2
69,boost,B2
70,bound,B2
71,brick,B2
72,briefly,B2
73,broadcaster,B2
74,broadly,B2
75,bug,B2
76,cabin,B2
77,canal,B2
78,candle,B2
79,carbon,B2
80,casual,B2
81,cave,B2
82,certainty,B2
83,certificate,B2
84,challenging,B2
85,championship,B2
86,charming,B2
87,chase,B2
88,cheek,B2
89,cheer,B2
90,choir,B2
91,chop,B2
92,circuit,B2
93,civilization,B2
94,clarify,B2
95,classify,B2
96,clerk,B2
97,cliff,B2
98,clinic,B2
99,clip,B2
100,coincidence,B2
101,collector,B2
102,colony,B2
103,colourful,B2
104,comic,B2
105,commander,B2
106,comparative,B2
107,completion,B2
108,compose,B2
109,composer,B2
110,compound,B2
111,comprehensive,B2
112,comprise,B2
113,compulsory,B2
114,concrete,B2
115,confess,B2
116,confusion,B2
117,consequently,B2
118,distinct,B2
119,distinguish,B2
120,distract,B2
121,conservation,B2
122,considerable,B2
123,considerably,B2
124,consistently,B2
125,conspiracy,B2
126,consult,B2
127,consultant,B2
128,consumption,B2
129,controversial,B2
130,controversy,B2
131,convenience,B2
132,convention,B2
133,conventional,B2
134,convey,B2
135,convincing,B2
136,cope,B2
137,corporation,B2
138,corridor,B2
139,counter,B2
140,coverage,B2
141,crack,B2
142,craft,B2
143,creativity,B2
144,critically,B2
145,cruise,B2
146,cue,B2
147,curious,B2
148,curriculum,B2
149,cute,B2
150,dairy,B2
151,dare,B2
152,darkness,B2
153,database,B2
154,deadline,B2
155,deadly,B2
156,dealer,B2
157,deck,B2
158,defender,B2
159,delete,B2
160,democracy,B2
161,democratic,B2
162,demonstration,B2
163,depart,B2
164,dependent,B2
165,deposit,B2
166,depression,B2
167,derive,B2
168,desperately,B2
169,destruction,B2
170,determination,B2
171,devote,B2
172,differ,B2
173,disability,B2
174,disabled,B2
175,disagreement,B2
176,disappoint,B2
177,disappointment,B2
178,discourage,B2
179,disorder,B2
180,distant,B2
181,disturb,B2
182,dive,B2
183,diverse,B2
184,diversity,B2
185,divorce,B2
186,dominant,B2
187,donation,B2
188,dot,B2
189,downtown,B2
190,dramatically,B2
191,drought,B2
192,dull,B2
193,dump,B2
194,duration,B2
195,dynamic,B2
196,economics,B2
197,economist,B2
198,editorial,B2
199,efficiently,B2
200,elbow,B2
201,electronics,B2
202,elegant,B2
203,elementary,B2
204,eliminate,B2
205,embrace,B2
206,emission,B2
207,emotionally,B2
208,empire,B2
209,enjoyable,B2
210,entertaining,B2
211,entrepreneur,B2
212,envelope,B2
213,equip,B2
214,equivalent,B2
215,era,B2
216,erupt,B2
217,essentially,B2
218,ethic,B2
219,ethnic,B2
220,evaluation,B2
221,evident,B2
222,evolution,B2
223,evolve,B2
224,exceed,B2
225,exception,B2
226,excessive,B2
227,exclude,B2
228,exhibit,B2
229,exit,B2
230,exotic,B2
231,expansion,B2
232,expertise,B2
233,exploit,B2
234,exposure,B2
235,extension,B2
236,extensive,B2
237,extensively,B2
238,extract,B2
239,fabric,B2
240,fabulous,B2
241,failed,B2
242,fake,B2
243,fame,B2
244,fantasy,B2
245,fare,B2
246,federal,B2
247,fever,B2
248,firefighter,B2
249,firework,B2
250,firm,B2
251,firmly,B2
252,flavour,B2
253,fond,B2
254,fool,B2
255,forbid,B2
256,forecast,B2
257,format,B2
258,formation,B2
259,formerly,B2
260,fortunate,B2
261,forum,B2
262,fossil,B2
263,foundation,B2
264,founder,B2
265,fraction,B2
266,fragment,B2
267,framework,B2
268,fraud,B2
269,freely,B2
270,frequent,B2
271,fulfil,B2
272,full-time,B2
273,fundamentally,B2
274,furious,B2
275,gaming,B2
276,gay,B2
277,gender,B2
278,gene,B2
279,genetic,B2
280,genius,B2
281,genuine,B2
282,genuinely,B2
283,gesture,B2
284,gig,B2
285,globalization,B2
286,globe,B2
287,golden,B2
288,goodness,B2
289,gorgeous,B2
290,governor,B2
291,graphic,B2
292,graphics,B2
293,greatly,B2
294,greenhouse,B2
295,grocery,B2
296,guideline,B2
297,habitat,B2
298,harbour,B2
299,headquarters,B2
300,heal,B2
301,healthcare,B2
302,helmet,B2
303,hence,B2
304,herb,B2
305,hidden,B2
306,highway,B2
307,hilarious,B2
308,hip,B2
309,historian,B2
310,homeless,B2
311,honesty,B2
312,hook,B2
313,hopefully,B2
314,hunger,B2
315,hypothesis,B2
316,icon,B2
317,ID,B2
318,identical,B2
319,illusion,B2
320,immigration,B2
321,immune,B2
322,implement,B2
323,implication,B2
324,incentive,B2
325,incorporate,B2
326,incorrect,B2
327,independence,B2
328,index,B2
329,indication,B2
330,inevitable,B2
331,inevitably,B2
332,infer,B2
333,inflation,B2
334,info,B2
335,infrastructure,B2
336,inhabitant,B2
337,inherit,B2
338,ink,B2
339,innovation,B2
340,innovative,B2
341,input,B2
342,insert,B2
343,inspector,B2
344,installation,B2
345,instant,B2
346,instantly,B2
347,integrate,B2
348,intellectual,B2
349,interact,B2
350,interaction,B2
351,interpretation,B2
352,interval,B2
353,invade,B2
354,invasion,B2
355,investor,B2
356,isolate,B2
357,isolated,B2
358,jail,B2
359,jet,B2
360,joint,B2
361,journalism,B2
362,jury,B2
363,kit,B2
364,ladder,B2
365,landing,B2
366,lane,B2
367,lately,B2
368,leaflet,B2
369,legend,B2
370,lens,B2
371,lifetime,B2
372,lighting,B2
373,likewise,B2
374,limitation,B2
375,literally,B2
376,literary,B2
377,litre,B2
378,litter,B2
379,logo,B2
380,lottery,B2
381,loyal,B2
382,lyric,B2
383,magnificent,B2
384,make-up,B2
385,making,B2
386,manufacture,B2
387,manufacturing,B2
388,marathon,B2
389,margin,B2
390,marker,B2
391,martial,B2
392,mate,B2
393,mayor,B2
394,mechanic,B2
395,mechanical,B2
396,mechanism,B2
397,medal,B2
398,medication,B2
399,membership,B2
400,memorable,B2
401,metaphor,B2
402,miner,B2
403,miserable,B2
404,mode,B2
405,modest,B2
406,monster,B2
407,monthly,B2
408,monument,B2
409,moreover,B2
410,mortgage,B2
411,mosque,B2
412,motion,B2
413,motivate,B2
414,motivation,B2
415,moving,B2
416,myth,B2
417,naked,B2
418,nasty,B2
419,navigation,B2
420,nearby,B2
421,necessity,B2
422,negotiate,B2
423,negotiation,B2
424,neutral,B2
425,newly,B2
426,norm,B2
427,notebook,B2
428,novelist,B2
429,nowadays,B2
430,nursing,B2
431,nutrition,B2
432,obesity,B2
433,observer,B2
434,obstacle,B2
435,occupation,B2
436,occupy,B2
437,offender,B2
438,ongoing,B2
439,openly,B2
440,opera,B2
441,operator,B2
442,optimistic,B2
443,orchestra,B2
444,organic,B2
445,outfit,B2
446,output,B2
447,outstanding,B2
448,overcome,B2
449,overnight,B2
450,overseas,B2
451,ownership,B2
452,oxygen,B2
453,packet,B2
454,palm,B2
455,panic,B2
456,parade,B2
457,parallel,B2
458,participation,B2
459,partnership,B2
460,part-time,B2
461,passionate,B2
462,password,B2
463,patience,B2
464,pause,B2
465,peer,B2
466,penalty,B2
467,perceive,B2
468,perception,B2
469,permanently,B2
470,pill,B2
471,pity,B2
472,placement,B2
473,portion,B2
474,potentially,B2
475,precede,B2
476,precious,B2
477,precise,B2
478,precisely,B2
479,predictable,B2
480,preference,B2
481,pride,B2
482,primarily,B2
483,principal,B2
484,prior,B2
485,probability,B2
486,probable,B2
487,proceed,B2
488,programming,B2
489,progressive,B2
490,prohibit,B2
491,promising,B2
492,promotion,B2
493,prompt,B2
494,proportion,B2
495,protein,B2
496,protester,B2
497,psychological,B2
498,publicity,B2
499,publishing,B2
500,punk,B2
501,purely,B2
502,pursuit,B2
503,puzzle,B2
504,questionnaire,B2
505,racial,B2
506,racism,B2
507,racist,B2
508,radiation,B2
509,rail,B2
510,random,B2
511,rat,B2
512,rating,B2
513,reasonably,B2
514,rebuild,B2
515,receiver,B2
516,recession,B2
517,reckon,B2
518,spill,B2
519,recognition,B2
520,recovery,B2
521,recruit,B2
522,recruitment,B2
523,referee,B2
524,refugee,B2
525,registration,B2
526,regulate,B2
527,reinforce,B2
528,relieve,B2
529,relieved,B2
530,remarkable,B2
531,remarkably,B2
532,reporting,B2
533,resign,B2
534,resolution,B2
535,restore,B2
536,restrict,B2
537,restriction,B2
538,retail,B2
539,retirement,B2
540,revenue,B2
541,revision,B2
542,ridiculous,B2
543,risky,B2
544,rival,B2
545,rob,B2
546,robbery,B2
547,rocket,B2
548,romance,B2
549,rose,B2
550,roughly,B2
551,ruin,B2
552,satisfaction,B2
553,scandal,B2
554,scare,B2
555,scenario,B2
556,scholar,B2
557,scholarship,B2
558,scratch,B2
559,screening,B2
560,seeker,B2
561,seminar,B2
562,settler,B2
563,severely,B2
564,sexy,B2
565,shaped,B2
566,shocking,B2
567,shore,B2
568,shortage,B2
569,shortly,B2
570,short-term,B2
571,sibling,B2
572,signature,B2
573,significance,B2
574,skilled,B2
575,skull,B2
576,slogan,B2
577,so-called,B2
578,somehow,B2
579,sometime,B2
580,sophisticated,B2
581,spare,B2
582,specialize,B2
583,specify,B2
584,spectacular,B2
585,spectator,B2
586,speculate,B2
587,speculation,B2
588,spice,B2
589,treasure,B2
590,tribe,B2
591,spite,B2
592,spoil,B2
593,spokesman,B2
594,spokesperson,B2
595,spokeswoman,B2
596,sponsorship,B2
597,sporting,B2
598,stall,B2
599,stance,B2
600,starve,B2
601,steadily,B2
602,steam,B2
603,stimulate,B2
604,strengthen,B2
605,strictly,B2
606,stroke,B2
607,stunning,B2
608,subsequent,B2
609,subsequently,B2
610,suburb,B2
611,suffering,B2
612,sufficient,B2
613,sufficiently,B2
614,super,B2
615,surgeon,B2
616,survival,B2
617,survivor,B2
618,suspend,B2
619,sustainable,B2
620,swallow,B2
621,sympathetic,B2
622,tackle,B2
623,tag,B2
624,tap,B2
625,technological,B2
626,teens,B2
627,temple,B2
628,temporarily,B2
629,tendency,B2
630,tension,B2
631,terminal,B2
632,terms,B2
633,terribly,B2
634,terrify,B2
635,territory,B2
636,terror,B2
637,terrorism,B2
638,terrorist,B2
639,testing,B2
640,textbook,B2
641,theft,B2
642,therapist,B2
643,thesis,B2
644,thorough,B2
645,thoroughly,B2
646,thumb,B2
647,timing,B2
648,tissue,B2
649,ton,B2
650,tonne,B2
651,tournament,B2
652,trace,B2
653,trading,B2
654,tragedy,B2
655,tragic,B2
656,trait,B2
657,transmit,B2
658,transportation,B2
659,trap,B2
660,trigger,B2
661,trillion,B2
662,troop,B2
663,tsunami,B2
664,ultimate,B2
665,unacceptable,B2
666,uncertainty,B2
667,undergo,B2
668,undertake,B2
669,unfold,B2
670,unfortunate,B2
671,unite,B2
672,unity,B2
673,universal,B2
674,urgent,B2
675,usage,B2
676,useless,B2
677,valid,B2
678,variation,B2
679,vertical,B2
680,viewpoint,B2
681,visa,B2
682,visible,B2
683,voluntary,B2
684,voting,B2
685,wander,B2
686,warming,B2
687,weekly,B2
688,weird,B2
689,welfare,B2
690,wheat,B2
691,whoever,B2
692,widespread,B2
693,wisdom,B2
694,withdraw,B2
695,workforce,B2
696,workplace,B2
697,workshop,B2
698,worm,B2
699,wrist,B2
0,abolish,C1
1,abortion,C1
2,absence,C1
3,absent,C1
4,absurd,C1
5,abundance,C1
6,abuse,C1
7,academy,C1
8,accelerate,C1
9,acceptance,C1
10,accessible,C1
11,accomplishment,C1
12,accordance,C1
13,accordingly,C1
14,accountability,C1
15,accountable,C1
16,accumulate,C1
17,accumulation,C1
18,accusation,C1
19,accused,C1
20,acid,C1
21,acquisition,C1
22,acre,C1
23,activation,C1
24,activist,C1
25,acute,C1
26,adaptation,C1
27,adhere,C1
28,adjacent,C1
29,adjustment,C1
30,administer,C1
31,administrative,C1
32,administrator,C1
33,admission,C1
34,adolescent,C1
35,adoption,C1
36,adverse,C1
37,advocate,C1
38,aesthetic,C1
39,affection,C1
40,aftermath,C1
41,aggression,C1
42,agricultural,C1
43,aide,C1
44,albeit,C1
45,alert,C1
46,alien,C1
47,align,C1
48,alignment,C1
49,alike,C1
50,allegation,C1
51,allege,C1
52,allegedly,C1
53,alliance,C1
54,allocate,C1
55,allocation,C1
56,allowance,C1
57,ally,C1
58,aluminium,C1
59,amateur,C1
60,ambassador,C1
61,amend,C1
62,amendment,C1
63,amid,C1
64,analogy,C1
65,anchor,C1
66,angel,C1
67,anonymous,C1
68,apparatus,C1
69,appealing,C1
70,appetite,C1
71,applaud,C1
72,applicable,C1
73,appoint,C1
74,appreciation,C1
75,arbitrary,C1
76,architectural,C1
77,archive,C1
78,arena,C1
79,arguably,C1
80,arm,C1
81,array,C1
82,articulate,C1
83,ash,C1
84,aspiration,C1
85,aspire,C1
86,assassination,C1
87,assault,C1
88,assemble,C1
89,assembly,C1
90,assert,C1
91,assertion,C1
92,assurance,C1
93,asylum,C1
94,cargo,C1
95,conceive,C1
96,crawl,C1
97,atrocity,C1
98,attain,C1
99,attendance,C1
100,attorney,C1
101,attribute,C1
102,audit,C1
103,authentic,C1
104,authorize,C1
105,auto,C1
106,autonomy,C1
107,availability,C1
108,await,C1
109,backdrop,C1
110,backing,C1
111,backup,C1
112,bail,C1
113,ballot,C1
114,banner,C1
115,bare,C1
116,barrel,C1
117,bass1,C1
118,bat,C1
119,battlefield,C1
120,bay,C1
121,beam,C1
122,beast,C1
123,behalf,C1
124,beloved,C1
125,bench,C1
126,benchmark,C1
127,beneath,C1
128,beneficiary,C1
129,betray,C1
130,bind,C1
131,biography,C1
132,bishop,C1
133,bizarre,C1
134,blade,C1
135,blast,C1
136,bleed,C1
137,blend,C1
138,bless,C1
139,blessing,C1
140,boast,C1
141,bonus,C1
142,boom,C1
143,bounce,C1
144,boundary,C1
145,bow1,C1
146,breach,C1
147,breakdown,C1
148,breakthrough,C1
149,breed,C1
150,broadband,C1
151,browser,C1
152,brutal,C1
153,buck,C1
154,buddy,C1
155,buffer,C1
156,bulk,C1
157,burden,C1
158,bureaucracy,C1
159,burial,C1
160,burst,C1
161,cabinet,C1
162,calculation,C1
163,canvas,C1
164,capability,C1
165,capitalism,C1
166,capitalist,C1
167,creator,C1
168,carriage,C1
169,carve,C1
170,casino,C1
171,casualty,C1
172,catalogue,C1
173,cater,C1
174,cattle,C1
175,caution,C1
176,cautious,C1
177,cease,C1
178,cemetery,C1
179,chamber,C1
180,chaos,C1
181,characterize,C1
182,charm,C1
183,charter,C1
184,chronic,C1
185,chunk,C1
186,circulate,C1
187,circulation,C1
188,citizenship,C1
189,civic,C1
190,civilian,C1
191,clarity,C1
192,clash,C1
193,classification,C1
194,cling,C1
195,clinical,C1
196,closure,C1
197,cluster,C1
198,coalition,C1
199,coastal,C1
200,cocktail,C1
201,cognitive,C1
202,coincide,C1
203,collaborate,C1
204,collaboration,C1
205,collective,C1
206,collision,C1
207,colonial,C1
208,columnist,C1
209,combat,C1
210,commence,C1
211,commentary,C1
212,commentator,C1
213,commerce,C1
214,commissioner,C1
215,commodity,C1
216,communist,C1
217,companion,C1
218,comparable,C1
219,compassion,C1
220,compel,C1
221,compelling,C1
222,compensate,C1
223,compensation,C1
224,competence,C1
225,competent,C1
226,compile,C1
227,complement,C1
228,complexity,C1
229,compliance,C1
230,complication,C1
231,comply,C1
232,composition,C1
233,compromise,C1
234,compute,C1
235,conceal,C1
236,concede,C1
237,conception,C1
238,concession,C1
239,condemn,C1
240,confer,C1
241,confession,C1
242,configuration,C1
243,confine,C1
244,confirmation,C1
245,confront,C1
246,confrontation,C1
247,congratulate,C1
248,congregation,C1
249,congressional,C1
250,conquer,C1
251,conscience,C1
252,consciousness,C1
253,consecutive,C1
254,consensus,C1
255,consent,C1
256,conserve,C1
257,consistency,C1
258,consolidate,C1
259,constituency,C1
260,constitute,C1
261,constitution,C1
262,constitutional,C1
263,constraint,C1
264,consultation,C1
265,contemplate,C1
266,contempt,C1
267,contend,C1
268,contender,C1
269,content2,C1
270,contention,C1
271,continually,C1
272,contractor,C1
273,contradiction,C1
274,contrary,C1
275,contributor,C1
276,conversion,C1
277,convict,C1
278,conviction,C1
279,cooperate,C1
280,cooperative,C1
281,coordinate,C1
282,coordination,C1
283,coordinator,C1
284,cop,C1
285,copper,C1
286,copyright,C1
287,correction,C1
288,correlate,C1
289,correlation,C1
290,correspond,C1
291,correspondence,C1
292,correspondent,C1
293,corresponding,C1
294,corrupt,C1
295,corruption,C1
296,costly,C1
297,councillor,C1
298,counselling,C1
299,counsellor,C1
300,counter,C1
301,counterpart,C1
302,countless,C1
303,coup,C1
304,courtesy,C1
305,craft,C1
306,credibility,C1
307,credible,C1
308,creep,C1
309,critique,C1
310,crown,C1
311,crude,C1
312,crush,C1
313,crystal,C1
314,cult,C1
315,cultivate,C1
316,curiosity,C1
317,custody,C1
318,cutting,C1
319,cynical,C1
320,dam,C1
321,damaging,C1
322,dawn,C1
323,debris,C1
324,debut,C1
325,decision-making,C1
326,decisive,C1
327,declaration,C1
328,dedicated,C1
329,dedication,C1
330,deed,C1
331,deem,C1
332,default,C1
333,defect,C1
334,defensive,C1
335,deficiency,C1
336,deficit,C1
337,defy,C1
338,delegate,C1
339,delegation,C1
340,delicate,C1
341,demon,C1
342,denial,C1
343,denounce,C1
344,dense,C1
345,density,C1
346,dependence,C1
347,depict,C1
348,deploy,C1
349,deployment,C1
350,deposit,C1
351,deprive,C1
352,deputy,C1
353,descend,C1
354,descent,C1
355,designate,C1
356,desirable,C1
357,desktop,C1
358,destructive,C1
359,detain,C1
360,detection,C1
361,detention,C1
362,deteriorate,C1
363,devastate,C1
364,devil,C1
365,devise,C1
366,diagnose,C1
367,diagnosis,C1
368,dictate,C1
369,dictator,C1
370,differentiate,C1
371,dignity,C1
372,dilemma,C1
373,dimension,C1
374,diminish,C1
375,dip,C1
376,diplomat,C1
377,diplomatic,C1
378,directory,C1
379,disastrous,C1
380,discard,C1
381,discharge,C1
382,disclose,C1
383,disclosure,C1
384,discourse,C1
385,discretion,C1
386,discrimination,C1
387,dismissal,C1
388,displace,C1
389,disposal,C1
390,dispose,C1
391,dispute,C1
392,disrupt,C1
393,disruption,C1
394,dissolve,C1
395,distinction,C1
396,distinctive,C1
397,distort,C1
398,distress,C1
399,disturbing,C1
400,divert,C1
401,divine,C1
402,doctrine,C1
403,documentation,C1
404,domain,C1
405,dominance,C1
406,donor,C1
407,dose,C1
408,drain,C1
409,drift,C1
410,driving,C1
411,drown,C1
412,dual,C1
413,dub,C1
414,dumb,C1
415,duo,C1
416,dynamic,C1
417,eager,C1
418,earnings,C1
419,ease,C1
420,echo,C1
421,ecological,C1
422,educator,C1
423,effectiveness,C1
424,efficiency,C1
425,ego,C1
426,elaborate,C1
427,electoral,C1
428,elevate,C1
429,eligible,C1
430,elite,C1
431,embark,C1
432,embarrassment,C1
433,embassy,C1
434,embed,C1
435,embody,C1
436,emergence,C1
437,empirical,C1
438,empower,C1
439,enact,C1
440,encompass,C1
441,encouragement,C1
442,encouraging,C1
443,endeavour,C1
444,endless,C1
445,endorse,C1
446,endorsement,C1
447,endure,C1
448,enforce,C1
449,enforcement,C1
450,engagement,C1
451,engaging,C1
452,enquire,C1
453,enrich,C1
454,enrol,C1
455,ensue,C1
456,enterprise,C1
457,enthusiast,C1
458,entitle,C1
459,entity,C1
460,epidemic,C1
461,equality,C1
462,equation,C1
463,erect,C1
464,escalate,C1
465,essence,C1
466,establishment,C1
467,eternal,C1
468,evacuate,C1
469,evoke,C1
470,evolutionary,C1
471,exaggerate,C1
472,excellence,C1
473,exceptional,C1
474,excess,C1
475,exclusion,C1
476,exclusive,C1
477,exclusively,C1
478,execute,C1
479,execution,C1
480,exert,C1
481,exile,C1
482,exit,C1
483,expenditure,C1
484,experimental,C1
485,expire,C1
486,explicit,C1
487,explicitly,C1
488,exploitation,C1
489,explosive,C1
490,extract,C1
491,extremist,C1
492,facilitate,C1
493,faction,C1
494,faculty,C1
495,fade,C1
496,fairness,C1
497,fatal,C1
498,fate,C1
499,favourable,C1
500,feat,C1
501,feminist,C1
502,fibre,C1
503,fierce,C1
504,film-maker,C1
505,filter,C1
506,fine,C1
507,firearm,C1
508,fit,C1
509,fixture,C1
510,flaw,C1
511,flawed,C1
512,flee,C1
513,fleet,C1
514,flesh,C1
515,flexibility,C1
516,flourish,C1
517,fluid,C1
518,footage,C1
519,foreigner,C1
520,forge,C1
521,formula,C1
522,formulate,C1
523,forth,C1
524,forthcoming,C1
525,foster,C1
526,fragile,C1
527,franchise,C1
528,frankly,C1
529,frustrated,C1
530,frustrating,C1
531,frustration,C1
532,functional,C1
533,fundraising,C1
534,funeral,C1
535,gallon,C1
536,gambling,C1
537,gathering,C1
538,gaze,C1
539,gear,C1
540,generic,C1
541,genocide,C1
542,glance,C1
543,glimpse,C1
544,glorious,C1
545,glory,C1
546,governance,C1
547,grace,C1
548,grasp,C1
549,grave,C1
550,grave,C1
551,gravity,C1
552,grid,C1
553,grief,C1
554,grin,C1
555,grind,C1
556,grip,C1
557,gross,C1
558,guerrilla,C1
559,guidance,C1
560,guilt,C1
561,gut,C1
562,hail,C1
563,halfway,C1
564,halt,C1
565,handful,C1
566,handling,C1
567,handy,C1
568,harassment,C1
569,hardware,C1
570,harmony,C1
571,harsh,C1
572,harvest,C1
573,hatred,C1
574,haunt,C1
575,hazard,C1
576,heighten,C1
577,heritage,C1
578,hierarchy,C1
579,high-profile,C1
580,hint,C1
581,homeland,C1
582,hook,C1
583,hopeful,C1
584,horizon,C1
585,horn,C1
586,hostage,C1
587,hostile,C1
588,hostility,C1
589,humanitarian,C1
590,humanity,C1
591,humble,C1
592,hydrogen,C1
593,identification,C1
594,ideological,C1
595,ideology,C1
596,idiot,C1
597,ignorance,C1
598,imagery,C1
599,immense,C1
600,imminent,C1
601,implementation,C1
602,imprison,C1
603,imprisonment,C1
604,inability,C1
605,inadequate,C1
606,inappropriate,C1
607,incidence,C1
608,inclined,C1
609,inclusion,C1
610,incur,C1
611,indicator,C1
612,indictment,C1
613,indigenous,C1
614,induce,C1
615,indulge,C1
616,inequality,C1
617,infamous,C1
618,infant,C1
619,infect,C1
620,inflict,C1
621,influential,C1
622,inherent,C1
623,inhibit,C1
624,initiate,C1
625,inject,C1
626,injection,C1
627,injustice,C1
628,inmate,C1
629,insertion,C1
630,insider,C1
631,inspect,C1
632,inspection,C1
633,inspiration,C1
634,instinct,C1
635,institutional,C1
636,instruct,C1
637,instrumental,C1
638,insufficient,C1
639,insult,C1
640,intact,C1
641,intake,C1
642,integral,C1
643,integrated,C1
644,integration,C1
645,integrity,C1
646,intellectual,C1
647,intensify,C1
648,intensity,C1
649,intensive,C1
650,intent,C1
651,interactive,C1
652,interface,C1
653,interfere,C1
654,petition,C1
655,interference,C1
656,interim,C1
657,interior,C1
658,intermediate,C1
659,intervene,C1
660,intervention,C1
661,intimate,C1
662,intriguing,C1
663,investigator,C1
664,invisible,C1
665,invoke,C1
666,involvement,C1
667,ironic,C1
668,ironically,C1
669,irony,C1
670,irrelevant,C1
671,isolation,C1
672,judicial,C1
673,junction,C1
674,jurisdiction,C1
675,just,C1
676,justification,C1
677,kidnap,C1
678,kidney,C1
679,kingdom,C1
680,lad,C1
681,landlord,C1
682,landmark,C1
683,lap,C1
684,large-scale,C1
685,laser,C1
686,latter,C1
687,lawn,C1
688,lawsuit,C1
689,layout,C1
690,leak,C1
691,leap,C1
692,legacy,C1
693,legendary,C1
694,legislation,C1
695,legislative,C1
696,legislature,C1
697,legitimate,C1
698,lengthy,C1
699,lesbian,C1
700,lesser,C1
701,lethal,C1
702,liable,C1
703,liberal,C1
704,liberation,C1
705,liberty,C1
706,license,C1
707,lifelong,C1
708,likelihood,C1
709,limb,C1
710,linear,C1
711,line-up,C1
712,linger,C1
713,listing,C1
714,literacy,C1
715,liver,C1
716,lobby,C1
717,log,C1
718,logic,C1
719,long-standing,C1
720,long-time,C1
721,loom,C1
722,loop,C1
723,loyalty,C1
724,machinery,C1
725,neighbouring,C1
726,nest,C1
727,magical,C1
728,magistrate,C1
729,magnetic,C1
730,magnitude,C1
731,mainland,C1
732,mainstream,C1
733,maintenance,C1
734,mandate,C1
735,mandatory,C1
736,manifest,C1
737,manipulate,C1
738,manipulation,C1
739,manuscript,C1
740,march,C1
741,marginal,C1
742,marine,C1
743,marketplace,C1
744,mask,C1
745,massacre,C1
746,mathematical,C1
747,mature,C1
748,maximize,C1
749,meaningful,C1
750,meantime,C1
751,medieval,C1
752,meditation,C1
753,melody,C1
754,memo,C1
755,memoir,C1
756,memorial,C1
757,mentor,C1
758,merchant,C1
759,mercy,C1
760,mere,C1
761,merely,C1
762,merge,C1
763,merger,C1
764,merit,C1
765,methodology,C1
766,midst,C1
767,migration,C1
768,militant,C1
769,militia,C1
770,mill,C1
771,minimal,C1
772,minimize,C1
773,mining,C1
774,ministry,C1
775,minute2,C1
776,miracle,C1
777,misery,C1
778,misleading,C1
779,missile,C1
780,mob,C1
781,mobility,C1
782,mobilize,C1
783,moderate,C1
784,modification,C1
785,momentum,C1
786,monk,C1
787,monopoly,C1
788,morality,C1
789,motive,C1
790,motorist,C1
791,municipal,C1
792,mutual,C1
793,namely,C1
794,nationwide,C1
795,naval,C1
796,neglect,C1
797,net,C1
798,newsletter,C1
799,niche,C1
800,noble,C1
801,nod,C1
802,nominate,C1
803,nomination,C1
804,nominee,C1
805,nonetheless,C1
806,non-profit,C1
807,nonsense,C1
808,noon,C1
809,notable,C1
810,notably,C1
811,notify,C1
812,notorious,C1
813,novel,C1
814,nursery,C1
815,objection,C1
816,oblige,C1
817,obsess,C1
818,obsession,C1
819,occasional,C1
820,occurrence,C1
821,odds,C1
822,offering,C1
823,offspring,C1
824,operational,C1
825,opt,C1
826,optical,C1
827,optimism,C1
828,oral,C1
829,organizational,C1
830,orientation,C1
831,originate,C1
832,outbreak,C1
833,outing,C1
834,outlet,C1
835,outlook,C1
836,outrage,C1
837,outsider,C1
838,overlook,C1
839,overly,C1
840,oversee,C1
841,overturn,C1
842,overwhelm,C1
843,overwhelming,C1
844,pad,C1
845,parameter,C1
846,parental,C1
847,parish,C1
848,parliamentary,C1
849,partial,C1
850,partially,C1
851,passing,C1
852,passive,C1
853,pastor,C1
854,patch,C1
855,patent,C1
856,pathway,C1
857,patrol,C1
858,patron,C1
859,peak,C1
860,peasant,C1
861,peculiar,C1
862,persist,C1
863,persistent,C1
864,personnel,C1
865,philosopher,C1
866,philosophical,C1
867,physician,C1
868,pioneer,C1
869,pipeline,C1
870,pirate,C1
871,pit,C1
872,plea,C1
873,plead,C1
874,pledge,C1
875,plug,C1
876,plunge,C1
877,pole,C1
878,poll,C1
879,pond,C1
880,pop,C1
881,portfolio,C1
882,portray,C1
883,postpone,C1
884,post-war,C1
885,practitioner,C1
886,preach,C1
887,precedent,C1
888,precision,C1
889,predator,C1
890,predecessor,C1
891,predominantly,C1
892,pregnancy,C1
893,prejudice,C1
894,preliminary,C1
895,premier,C1
896,premise,C1
897,premium,C1
898,prescribe,C1
899,prescription,C1
900,presently,C1
901,preservation,C1
902,preside,C1
903,presidency,C1
904,presidential,C1
905,prestigious,C1
906,presumably,C1
907,presume,C1
908,prevail,C1
909,prevalence,C1
910,prevention,C1
911,prey,C1
912,principal,C1
913,privatization,C1
914,privilege,C1
915,probe,C1
916,problematic,C1
917,proceedings,C1
918,proceeds,C1
919,processing,C1
920,processor,C1
921,proclaim,C1
922,productive,C1
923,productivity,C1
924,profitable,C1
925,profound,C1
926,projection,C1
927,prominent,C1
928,pronounced,C1
929,propaganda,C1
930,proposition,C1
931,prosecute,C1
932,prosecution,C1
933,prosecutor,C1
934,prospective,C1
935,prosperity,C1
936,protective,C1
937,protocol,C1
938,province,C1
939,provincial,C1
940,provision,C1
941,provoke,C1
942,psychiatric,C1
943,pulse,C1
944,pump,C1
945,punch,C1
946,query,C1
947,quest,C1
948,quota,C1
949,radar,C1
950,radical,C1
951,rage,C1
952,raid,C1
953,rally,C1
954,ranking,C1
955,rape,C1
956,ratio,C1
957,rational,C1
958,ray,C1
959,readily,C1
960,realization,C1
961,realm,C1
962,rear,C1
963,reasoning,C1
964,reassure,C1
965,rebel,C1
966,rebellion,C1
967,recipient,C1
968,reconstruction,C1
969,recount1,C1
970,referendum,C1
971,reflection,C1
972,reform,C1
973,refuge,C1
974,refusal,C1
975,regain,C1
976,regardless,C1
977,regime,C1
978,regulator,C1
979,regulatory,C1
980,rehabilitation,C1
981,reign,C1
982,rejection,C1
983,relevance,C1
984,reliability,C1
985,reluctant,C1
986,remainder,C1
987,remains,C1
988,remedy,C1
989,reminder,C1
990,removal,C1
991,render,C1
992,renew,C1
993,renowned,C1
994,rental,C1
995,replacement,C1
996,reportedly,C1
997,representation,C1
998,reproduce,C1
999,reproduction,C1
1000,republic,C1
1001,resemble,C1
1002,reside,C1
1003,residence,C1
1004,residential,C1
1005,residue,C1
1006,resignation,C1
1007,resistance,C1
1008,respective,C1
1009,respectively,C1
1010,restoration,C1
1011,restraint,C1
1012,resume,C1
1013,retreat,C1
1014,retrieve,C1
1015,revelation,C1
1016,revenge,C1
1017,reverse,C1
1018,revival,C1
1019,revive,C1
1020,revolutionary,C1
1021,rhetoric,C1
1022,rifle,C1
1023,riot,C1
1024,rip,C1
1025,ritual,C1
1026,robust,C1
1027,rock,C1
1028,rod,C1
1029,rotate,C1
1030,rotation,C1
1031,ruling,C1
1032,rumour,C1
1033,sack,C1
1034,sacred,C1
1035,sacrifice,C1
1036,saint,C1
1037,sake,C1
1038,sanction,C1
1039,say,C1
1040,scattered,C1
1041,sceptical,C1
1042,scope,C1
1043,screw,C1
1044,scrutiny,C1
1045,seal,C1
1046,secular,C1
1047,seemingly,C1
1048,segment,C1
1049,seize,C1
1050,seldom,C1
1051,selective,C1
1052,senator,C1
1053,sensation,C1
1054,sensitivity,C1
1055,sentiment,C1
1056,separation,C1
1057,serial,C1
1058,settlement,C1
1059,set-up,C1
1060,sexuality,C1
1061,shareholder,C1
1062,shatter,C1
1063,shed,C1
1064,sheer,C1
1065,shipping,C1
1066,shoot,C1
1067,shrink,C1
1068,shrug,C1
1069,sigh,C1
1070,simulate,C1
1071,simulation,C1
1072,simultaneously,C1
1073,sin,C1
1074,situated,C1
1075,sketch,C1
1076,skip,C1
1077,slam,C1
1078,slap,C1
1079,slash,C1
1080,slavery,C1
1081,slot,C1
1082,smash,C1
1083,snap,C1
1084,soak,C1
1085,soar,C1
1086,socialist,C1
1087,sole,C1
1088,solely,C1
1089,solicitor,C1
1090,solidarity,C1
1091,solo,C1
1092,sound,C1
1093,sovereignty,C1
1094,spam,C1
1095,span,C1
1096,spare,C1
1097,spark,C1
1098,specialized,C1
1099,specification,C1
1100,specimen,C1
1101,spectacle,C1
1102,spectrum,C1
1103,spell,C1
1104,sphere,C1
1105,spin,C1
1106,spine,C1
1107,spotlight,C1
1108,spouse,C1
1109,spy,C1
1110,squad,C1
1111,squeeze,C1
1112,stab,C1
1113,stability,C1
1114,stabilize,C1
1115,stake,C1
1116,standing,C1
1117,stark,C1
1118,statistical,C1
1119,steer,C1
1120,stem,C1
1121,stereotype,C1
1122,stimulus,C1
1123,stir,C1
1124,storage,C1
1125,straightforward,C1
1126,strain,C1
1127,strand,C1
1128,strategic,C1
1129,striking,C1
1130,strip,C1
1131,strip,C1
1132,strive,C1
1133,structural,C1
1134,stumble,C1
1135,stun,C1
1136,submission,C1
1137,subscriber,C1
1138,subscription,C1
1139,subsidy,C1
1140,substantial,C1
1141,substantially,C1
1142,substitute,C1
1143,substitution,C1
1144,subtle,C1
1145,suburban,C1
1146,succession,C1
1147,successive,C1
1148,successor,C1
1149,suck,C1
1150,sue,C1
1151,suicide,C1
1152,suite,C1
1153,summit,C1
1154,superb,C1
1155,superior,C1
1156,supervise,C1
1157,supervision,C1
1158,supervisor,C1
1159,supplement,C1
1160,supportive,C1
1161,supposedly,C1
1162,suppress,C1
1163,supreme,C1
1164,surge,C1
1165,surgical,C1
1166,surplus,C1
1167,surrender,C1
1168,surveillance,C1
1169,suspension,C1
1170,suspicion,C1
1171,suspicious,C1
1172,sustain,C1
1173,swing,C1
1174,sword,C1
1175,symbolic,C1
1176,syndrome,C1
1177,synthesis,C1
1178,systematic,C1
1179,tackle,C1
1180,tactic,C1
1181,tactical,C1
1182,taxpayer,C1
1183,tempt,C1
1184,tenant,C1
1185,tender,C1
1186,tenure,C1
1187,terminal,C1
1188,terminate,C1
1189,terrain,C1
1190,terrific,C1
1191,testify,C1
1192,testimony,C1
1193,texture,C1
1194,thankfully,C1
1195,theatrical,C1
1196,theology,C1
1197,theoretical,C1
1198,thereafter,C1
1199,thereby,C1
1200,thoughtful,C1
1201,thought-provoking,C1
1202,thread,C1
1203,threshold,C1
1204,thrilled,C1
1205,thrive,C1
1206,tide,C1
1207,tighten,C1
1208,timber,C1
1209,timely,C1
1210,tobacco,C1
1211,tolerance,C1
1212,tolerate,C1
1213,toll,C1
1214,top,C1
1215,torture,C1
1216,toss,C1
1217,total,C1
1218,toxic,C1
1219,trace,C1
1220,trademark,C1
1221,trail,C1
1222,trailer,C1
1223,transaction,C1
1224,transcript,C1
1225,transformation,C1
1226,transit,C1
1227,transmission,C1
1228,transparency,C1
1229,transparent,C1
1230,trauma,C1
1231,treaty,C1
1232,tremendous,C1
1233,tribal,C1
1234,tribunal,C1
1235,tribute,C1
1236,trigger,C1
1237,trio,C1
1238,triumph,C1
1239,trophy,C1
1240,troubled,C1
1241,trustee,C1
1242,tuition,C1
1243,turnout,C1
1244,turnover,C1
1245,twist,C1
1246,undergraduate,C1
1247,underlying,C1
1248,undermine,C1
1249,undoubtedly,C1
1250,unify,C1
1251,unprecedented,C1
1252,unveil,C1
1253,upcoming,C1
1254,upgrade,C1
1255,uphold,C1
1256,utility,C1
1257,utilize,C1
1258,utterly,C1
1259,vacuum,C1
1260,vague,C1
1261,validity,C1
1262,vanish,C1
1263,variable,C1
1264,varied,C1
1265,vein,C1
1266,venture,C1
1267,verbal,C1
1268,verdict,C1
1269,verify,C1
1270,verse,C1
1271,versus,C1
1272,vessel,C1
1273,veteran,C1
1274,viable,C1
1275,vibrant,C1
1276,vice,C1
1277,vicious,C1
1278,villager,C1
1279,violate,C1
1280,violation,C1
1281,virtue,C1
1282,vocal,C1
1283,vow,C1
1284,vulnerability,C1
1285,vulnerable,C1
1286,ward,C1
1287,warehouse,C1
1288,warfare,C1
1289,warrant,C1
1290,warrior,C1
1291,weaken,C1
1292,weave,C1
1293,weed,C1
1294,well,C1
1295,well-being,C1
1296,whatsoever,C1
1297,whereby,C1
1298,whilst,C1
1299,whip,C1
1300,wholly,C1
1301,widen,C1
1302,widow,C1
1303,width,C1
1304,willingness,C1
1305,wipe,C1
1306,wit,C1
1307,withdrawal,C1
1308,workout,C1
1309,worship,C1
1310,worthwhile,C1
1311,worthy,C1
1312,yell,C1
1313,yield,C1
1314,youngster,C1
1315,,C1
